4459 - Água Rasa,4460 - Alto de Pinheiros,4461 - Anhanguera,4462 - Aricanduva,4463 - Artur Alvim,4464 - Barra Funda,4465 - Bela Vista,4466 - Belém,4467 - Bom Retiro,4468 - Brás,4469 - Brasilândia,4470 - Butantã,4471 - Cachoeirinha,4472 - Cambuci,4473 - Campo Belo,4474 - Campo Grande,4475 - Campo Limpo,4476 - Cangaíba,4477 - Capão Redondo,4478 - Carrão,4479 - Casa Verde,4480 - Cidade Ademar,4481 - Cidade Dutra,4482 - Cidade Líder,4483 - Cidade Tiradentes,4484 - Consolação,4485 - Cursino,4486 - Ermelino Matarazzo,4487 - Freguesia do Ó,4488 - Grajaú,4489 - Guaianases,4490 - Moema,4491 - Iguatemi,4492 - Ipiranga,4493 - Itaim Bibi,4494 - Itaim Paulista,4495 - Itaquera,4496 - Jabaquara,4497 - Jaçanã,4498 - Jaguara,4499 - Jaguaré,4500 - Jaraguá,4501 - Jardim Ângela,4502 - Jardim Helena,4503 - Jardim Paulista,4504 - Jardim São Luís,4505 - José Bonifácio,4506 - Lapa,4507 - Liberdade,4508 - Limão,4509 - Mandaqui,4510 - Marsilac,4511 - Mooca,4512 - Morumbi,4513 - Parelheiros,4514 - Pari,4515 - Parque do Carmo,4516 - Pedreira,4517 - Penha,4518 - Perdizes,4519 - Perus,4520 - Pinheiros,4521 - Pirituba,4522 - Ponte Rasa,4523 - Raposo Tavares,4524 - República,4525 - Rio Pequeno,4526 - Sacomã,4527 - Santa Cecília,4528 - Santana,4529 - Santo Amaro,4530 - São Lucas,4531 - São Mateus,4532 - São Miguel,4533 - São Rafael,4534 - Sapopemba,4535 - Saúde,4536 - Sé,4537 - Socorro,4538 - Tatuapé,4539 - Tremembé,4540 - Tucuruvi,4541 - Vila Andrade,4542 - Vila Curuçá,4543 - Vila Formosa,4544 - Vila Guilherme,4545 - Vila Jacuí,4546 - Vila Leopoldina,4547 - Vila Maria,4548 - Vila Mariana,4549 - Vila Matilde,4550 - Vila Medeiros,4551 - Vila Prudente,4552 - Vila Sônia,4553 - São Domingos,4554 - Lajeado
66946.127,0.000,0.000,1035.820,1141.409,776.047,113.147,2195.267,269.066,727.951,0.000,387.938,0.000,2268.243,0.000,0.000,0.000,103.058,107.574,2205.148,497.439,0.000,0.000,858.005,0.000,1375.955,316.435,0.000,122.572,0.000,0.000,928.426,2383.472,1708.188,1294.988,0.000,1675.895,105.919,0.000,0.000,0.000,0.000,0.000,108.868,999.705,0.000,370.844,307.611,1286.763,247.315,0.000,0.000,12426.543,0.000,0.000,44.320,202.266,0.000,534.926,101.375,0.000,643.805,0.000,0.000,107.118,741.091,0.000,870.776,0.000,378.092,0.000,5311.164,563.474,705.255,0.000,5249.415,1000.878,1784.284,0.000,8192.478,94.824,0.000,110.906,443.762,11212.128,921.791,368.459,49.971,1734.958,710.190,1267.440,0.000,7309.520,0.000,0.000,992.476
0.000,29939.044,110.987,0.000,0.000,2259.358,1567.232,75.531,439.588,0.000,1746.139,3361.075,0.000,40.424,476.964,289.968,895.386,101.734,872.776,34.868,227.180,0.000,365.343,0.000,0.000,2019.982,0.000,0.000,850.917,1768.174,0.000,1595.493,0.000,448.284,2254.995,1076.106,0.000,294.762,0.000,730.451,752.414,1168.679,1456.236,108.868,2856.580,779.215,0.000,10165.257,666.851,152.385,0.000,0.000,291.021,932.813,0.000,0.000,0.000,307.771,49.560,6158.440,0.000,14231.162,124.467,0.000,0.000,299.061,1033.420,0.000,533.206,920.584,1562.004,775.867,0.000,0.000,0.000,841.219,488.650,851.674,0.000,66.943,0.000,139.395,711.377,0.000,1020.854,0.000,101.103,6009.695,0.000,1401.987,124.099,0.000,23.756,1760.846,619.707,0.000
0.000,110.987,39600.089,0.000,0.000,2872.963,129.340,0.000,0.000,0.000,0.000,1198.033,0.000,0.000,0.000,0.000,0.000,0.000,0.000,0.000,0.000,0.000,0.000,0.000,0.000,87.360,0.000,0.000,528.408,0.000,0.000,0.000,0.000,0.000,1085.032,0.000,0.000,309.401,0.000,174.842,17.588,1906.276,0.000,0.000,2768.009,0.000,0.000,3645.597,309.401,91.267,140.716,0.000,0.000,13.959,0.000,281.431,0.000,0.000,0.000,898.745,2014.009,2262.720,2060.547,0.000,0.000,0.000,0.000,0.000,140.716,14.937,166.162,0.000,0.000,0.000,0.000,0.000,129.340,0.000,0.000,0.000,0.000,0.000,77.187,0.000,0.000,0.000,0.000,2933.510,129.340,1560.817,0.000,0.000,0.000,1309.066,1199.819,0.000
1283.543,0.000,0.000,55683.960,0.000,0.000,0.000,1389.171,48.900,1121.129,0.000,142.522,436.711,0.000,0.000,0.000,0.000,0.000,0.000,9317.878,0.000,0.000,0.000,8271.309,1247.531,403.091,0.000,0.000,0.000,656.138,0.000,0.000,1110.445,501.830,1371.590,0.000,883.340,653.397,291.597,0.000,0.000,0.000,0.000,161.617,142.522,0.000,171.539,0.000,1394.148,0.000,0.000,0.000,1962.064,0.000,0.000,0.000,3469.788,0.000,1113.704,396.019,0.000,102.000,0.000,0.000,0.000,632.110,0.000,0.000,653.397,0.000,0.000,3540.611,3475.949,1454.408,1594.817,10898.191,0.000,0.000,709.567,4504.869,0.000,601.365,0.000,0.000,10479.092,827.214,160.129,465.876,236.006,538.541,871.951,0.000,1213.806,0.000,0.000,0.000
1141.409,0.000,0.000,0.000,91394.669,3355.987,2033.862,2539.138,1184.724,1002.056,0.000,0.000,0.000,170.313,0.000,283.567,0.000,1737.747,0.000,2005.196,0.000,0.000,639.022,8104.648,0.000,746.788,0.000,238.626,0.000,0.000,384.305,1238.140,995.282,103.824,905.450,235.342,12372.181,310.436,0.000,0.000,639.022,308.485,0.000,241.101,1831.724,609.881,1434.122,743.694,45.218,0.000,0.000,0.000,948.968,0.000,0.000,673.470,1080.574,0.000,9028.960,81.883,0.000,363.034,0.000,5527.974,0.000,1858.850,0.000,0.000,0.000,2041.355,0.000,291.017,1120.365,108.407,0.000,482.101,241.394,3749.034,0.000,7150.703,0.000,0.000,0.000,0.000,116.840,0.000,4924.077,0.000,1321.091,899.905,10199.137,0.000,0.000,0.000,0.000,2263.956
1072.483,2284.036,3317.694,497.529,3355.987,33876.892,2772.617,1445.042,1371.417,191.463,12010.038,189.753,3223.686,1039.489,738.059,382.420,0.000,1024.035,185.295,576.689,4400.799,1147.230,822.052,2591.923,1751.541,2287.328,945.088,390.592,5605.595,1837.681,2201.866,996.292,842.019,695.239,982.635,1389.398,1444.110,1100.072,921.457,300.803,287.035,7699.720,709.629,221.611,3569.192,0.000,1241.986,5990.294,2147.379,3481.481,1531.410,0.000,1207.620,269.622,0.000,268.065,170.736,34.889,852.152,14314.745,4235.700,1639.104,8455.272,1788.447,2254.193,2234.267,3340.401,476.166,9317.084,2078.871,1120.510,1462.767,1363.614,354.277,683.585,2053.246,780.187,582.224,85.724,1139.420,720.242,1783.962,375.728,3040.627,909.832,777.906,1529.061,2074.242,0.000,1850.327,1069.616,1192.733,31.328,283.350,3660.651,1799.772
113.147,1159.399,129.340,0.000,2033.862,2539.017,78797.310,780.037,1515.044,1387.303,5283.587,3721.329,1369.297,522.985,1671.806,852.525,2148.051,2125.957,3504.193,1934.483,0.000,3222.223,2482.350,0.000,1738.664,13820.959,1697.160,1247.848,1383.250,3850.322,1119.639,4200.097,436.232,3056.456,7444.555,7065.650,1858.077,5884.647,1345.593,1069.786,717.325,2050.394,4222.545,1048.449,26668.013,3620.489,1812.698,2523.487,10052.144,943.676,1716.191,96.119,2391.353,2588.883,263.490,380.575,1039.895,489.837,1649.007,5611.934,186.614,4756.973,1931.282,1863.753,2522.635,12351.724,2398.687,3979.805,3247.477,4028.353,4391.288,2377.307,618.609,637.934,294.343,1739.397,4213.604,6230.887,0.000,1974.509,248.012,928.920,2675.702,371.780,748.334,883.295,1513.673,2042.167,2961.396,20108.159,336.212,928.457,3254.012,1251.520,1081.696,1106.625
1659.175,75.531,0.000,976.808,2528.881,202.530,975.968,55140.134,327.211,6840.690,612.908,281.434,0.000,764.591,217.000,121.037,0.000,1483.441,0.000,1690.364,28.498,656.600,162.359,2473.331,2799.371,1753.265,794.006,1412.388,261.040,38.306,2621.177,515.972,2983.098,436.895,1226.324,3013.480,1896.057,1292.001,345.741,0.000,0.000,627.606,0.000,26.194,1653.625,0.000,1628.608,369.215,846.199,303.464,60.208,0.000,10685.693,0.000,0.000,3513.673,1153.484,0.000,1771.213,387.974,0.000,870.997,0.000,1240.996,172.439,1522.330,121.037,1353.727,410.528,1084.152,925.354,640.961,1524.497,646.674,0.000,5322.038,286.342,3453.285,0.000,4172.806,3549.937,567.250,0.000,753.629,1974.859,5211.913,1167.828,266.586,4630.189,786.991,502.656,480.795,2169.469,571.743,18.488,2602.163
304.514,278.249,16.251,53.200,1184.724,1099.237,1134.282,364.704,47514.472,2704.935,2920.636,1107.618,1975.213,645.860,386.670,260.726,0.000,492.757,113.543,510.986,1652.880,0.000,0.000,446.964,2395.064,1518.872,557.416,1331.414,1747.972,686.699,793.158,1034.616,151.690,383.697,1339.842,1522.031,957.194,2479.811,223.164,83.527,0.000,1101.195,740.411,541.181,870.924,557.781,740.792,811.126,1579.039,1561.479,1240.211,0.000,2448.469,101.182,0.000,4093.842,210.224,603.327,1077.616,2148.061,0.000,770.447,0.000,473.149,0.000,4189.753,0.000,275.020,6957.185,3279.366,509.124,403.860,679.044,624.187,1885.860,251.155,3245.767,3646.339,26.360,361.045,2322.332,1606.576,77.187,2114.941,2179.292,1184.953,507.390,205.969,274.400,1316.915,909.266,38.124,167.797,105.433,284.105,0.000
316.284,34.868,0.000,1121.129,1002.056,193.221,1470.744,6938.325,3119.104,43708.278,197.358,0.000,1506.421,2164.507,126.578,155.115,445.368,3014.043,0.000,1111.788,666.231,394.902,0.000,1355.626,2500.041,533.916,373.484,473.844,2277.230,1293.363,1280.143,337.726,1051.487,1024.302,329.023,4484.060,3054.219,129.205,393.679,90.038,217.237,696.554,1275.337,1797.712,1115.368,2835.502,1776.358,603.408,1537.002,222.669,806.933,0.000,5094.167,0.000,0.000,3841.133,222.518,0.000,2865.515,662.180,0.000,915.093,0.000,1374.384,159.502,2398.592,52.959,1221.538,2711.462,551.828,222.709,1650.100,1138.687,3768.418,1246.406,1929.506,328.519,6081.189,117.791,3548.813,1921.715,1638.851,702.844,3328.442,2240.659,1245.183,3001.605,150.566,2474.825,1285.550,968.076,2443.533,4655.939,383.061,205.517,825.069
0.000,1746.139,0.000,0.000,0.000,10945.456,4228.243,612.908,2979.253,197.358,201557.823,755.577,14130.710,792.784,0.000,670.976,0.000,189.453,0.000,204.207,2749.739,0.000,0.000,0.000,0.000,1681.557,889.372,0.000,30109.406,0.000,0.000,1061.543,0.000,0.000,376.037,0.000,0.000,868.770,315.147,692.836,399.213,11716.968,0.000,0.000,3494.395,0.000,0.000,18703.509,0.000,10303.299,2007.168,0.000,666.497,855.951,0.000,666.497,1534.609,0.000,0.000,3010.489,518.829,924.483,8918.318,0.000,388.843,6747.449,353.908,0.000,3818.076,6095.945,3262.524,0.000,0.000,0.000,0.000,0.000,0.000,1893.192,706.347,1244.313,471.386,2578.918,274.407,0.000,0.000,163.453,798.574,649.247,806.012,2826.228,0.000,0.000,0.000,602.361,506.982,646.699
387.938,3339.507,1198.033,142.522,170.313,408.976,2595.457,85.130,1107.618,34.868,755.577,55205.626,0.000,395.255,1069.666,841.583,3368.875,976.297,1236.585,677.638,333.311,1230.379,670.152,0.000,365.370,3095.706,0.000,888.059,1241.936,616.734,0.000,1100.881,0.000,570.637,5300.860,140.432,207.437,409.431,570.560,389.395,4032.245,820.002,420.871,1359.085,3041.862,1121.687,520.899,1964.106,961.335,755.556,0.000,0.000,205.185,3715.961,249.866,0.000,0.000,0.000,0.000,2498.994,0.000,8408.952,788.936,0.000,8100.560,1186.478,18883.344,570.312,2647.671,1293.288,2651.859,867.072,0.000,337.774,263.619,456.761,804.797,2290.174,472.745,1325.084,270.104,36.662,2038.805,443.762,0.000,775.177,0.000,1210.225,610.974,2572.173,120.725,0.000,1195.743,13731.232,0.000,0.000
0.000,0.000,0.000,436.711,0.000,2393.882,1369.297,0.000,1975.213,1506.421,14115.537,125.312,144201.674,0.000,299.997,0.000,0.000,0.000,0.000,0.000,4788.885,0.000,0.000,0.000,0.000,1086.952,0.000,0.000,7869.314,0.000,0.000,58.092,0.000,0.000,1344.941,0.000,0.000,0.000,243.070,399.628,0.000,555.674,0.000,0.000,2751.586,0.000,0.000,2506.268,1010.760,12410.290,20278.359,0.000,1081.945,0.000,0.000,902.852,0.000,0.000,0.000,1069.282,0.000,694.782,1347.186,0.000,0.000,3674.341,577.590,0.000,1407.437,10396.752,845.479,0.000,0.000,0.000,0.000,0.000,0.000,2708.794,0.000,957.589,332.572,2236.769,0.000,0.000,0.000,297.521,0.000,577.590,0.000,1369.297,0.000,0.000,0.000,530.898,238.990,0.000
2515.558,0.000,0.000,0.000,170.313,160.290,490.721,775.490,403.581,1777.088,146.085,395.255,0.000,32215.274,803.035,0.000,202.313,49.680,1282.091,1171.324,672.639,264.667,628.998,0.000,365.370,1217.463,355.192,0.000,494.141,0.000,454.961,90.650,574.623,10513.629,676.594,1320.207,1193.514,2060.813,0.000,284.220,0.000,292.310,612.749,541.181,956.939,219.815,134.073,324.790,9430.127,0.000,0.000,0.000,3622.648,431.285,0.000,419.897,0.000,0.000,417.846,267.391,0.000,845.044,328.914,0.000,500.298,2296.553,290.969,4704.742,1628.379,1085.098,503.930,955.106,488.210,0.000,0.000,2335.209,1572.145,3155.662,0.000,2528.033,0.000,187.310,544.777,1959.629,180.263,432.599,370.864,255.369,484.420,6895.912,123.923,0.000,1401.002,52.820,0.000,1859.468
0.000,442.097,0.000,396.019,639.022,231.784,2043.663,178.680,421.314,126.578,0.000,457.137,638.376,803.035,56797.721,4538.145,2016.276,649.321,4873.322,0.000,121.875,8059.411,2762.766,1208.065,0.000,1616.930,1620.136,513.925,419.658,2911.281,0.000,7170.848,151.690,945.931,15657.929,0.000,957.165,12263.352,257.651,93.839,216.818,292.310,3958.540,0.000,2747.610,4849.704,520.899,327.304,1049.660,0.000,1020.639,0.000,1510.270,2422.031,2138.331,0.000,274.118,489.837,277.173,1191.530,0.000,1752.627,0.000,403.071,0.000,386.281,558.126,138.587,510.958,1059.881,9565.424,0.000,0.000,34.644,0.000,458.279,3007.290,1244.454,1057.007,191.177,0.000,904.786,2111.060,0.000,0.000,337.682,0.000,326.114,0.000,5121.383,0.000,0.000,332.233,1138.250,0.000,190.131
0.000,289.968,0.000,0.000,283.567,382.420,623.246,121.037,530.587,155.115,670.976,929.358,0.000,0.000,4357.451,100067.300,5145.217,45.664,1806.694,0.000,99.294,29366.459,11461.438,262.783,272.856,2177.602,108.104,0.000,461.646,16432.473,0.000,5133.372,616.320,554.929,6497.000,1321.336,316.966,3519.829,0.000,0.000,0.000,0.000,2844.397,899.897,2335.544,5052.705,0.000,241.828,1980.487,0.000,0.000,96.119,126.569,3063.122,2805.494,23.202,179.231,7357.249,0.000,721.437,0.000,2620.508,0.000,0.000,0.000,1903.072,86.313,2149.152,365.791,386.876,15560.414,0.000,0.000,337.774,0.000,0.000,2519.768,1182.072,3437.466,0.000,882.051,0.000,3310.042,0.000,0.000,0.000,201.492,699.479,0.000,1632.460,124.099,0.000,0.000,882.351,0.000,0.000
0.000,895.386,0.000,0.000,0.000,0.000,2823.643,0.000,0.000,445.368,0.000,3493.419,0.000,202.313,2025.199,5145.217,169304.544,0.000,25081.694,0.000,0.000,429.633,808.539,0.000,365.370,2794.349,586.122,0.000,0.000,579.920,0.000,4080.274,0.000,0.000,7898.020,0.000,0.000,1209.014,520.567,0.000,0.000,288.853,2684.286,309.063,5831.571,13766.700,0.000,2126.535,598.306,0.000,421.817,0.000,583.879,2971.538,21.630,452.575,0.000,990.710,0.000,47.900,0.000,9038.621,0.000,0.000,702.786,506.364,874.785,630.936,0.000,0.000,21962.744,0.000,0.000,0.000,0.000,0.000,924.078,2323.846,732.468,436.155,882.051,0.000,11993.235,0.000,0.000,0.000,0.000,714.973,0.000,3399.513,193.342,0.000,0.000,9428.156,0.000,0.000
103.058,0.000,0.000,0.000,1737.747,1373.984,2367.184,1540.230,492.757,2810.973,189.453,1394.855,0.000,49.680,649.321,45.664,0.000,116416.878,256.878,569.960,357.378,311.723,0.000,349.295,0.000,746.822,277.367,15487.520,0.000,0.000,247.426,939.672,0.000,2129.663,1299.092,1274.823,865.896,0.000,357.378,0.000,0.000,0.000,0.000,314.820,1000.098,0.000,0.000,1055.992,1206.225,0.000,0.000,0.000,848.606,43.082,0.000,70.325,0.000,0.000,17678.498,141.413,0.000,1609.784,0.000,6717.651,0.000,2175.678,0.000,357.378,913.603,784.361,1202.948,0.000,299.749,751.665,0.000,286.621,296.911,1991.786,0.000,7202.591,407.986,372.148,497.027,2513.229,440.032,904.997,2760.944,998.063,2523.523,523.203,604.575,0.000,0.000,0.000,0.000,769.071
107.574,872.776,0.000,0.000,0.000,185.295,4118.418,0.000,113.543,0.000,0.000,1398.402,0.000,1282.091,4034.863,2415.251,22977.487,256.878,280685.262,229.536,90.222,1491.927,1047.539,0.000,0.000,2052.198,0.000,376.559,0.000,611.131,0.000,6070.803,200.414,0.000,11740.712,0.000,0.000,2389.562,0.000,0.000,853.218,0.000,36258.197,0.000,2979.818,28685.496,0.000,808.079,867.980,0.000,0.000,0.000,0.000,2807.985,599.291,1525.004,0.000,0.000,142.517,1099.207,229.536,6473.423,0.000,0.000,0.000,1524.211,305.861,2191.710,1446.339,185.295,24858.550,0.000,0.000,0.000,0.000,0.000,561.075,1665.508,1922.455,155.430,1438.428,0.000,6898.708,0.000,0.000,270.235,241.648,340.725,0.000,2702.811,0.000,0.000,0.000,925.201,0.000,0.000
2101.066,34.868,0.000,9765.256,1840.843,576.689,1934.483,1655.134,465.872,948.887,0.000,677.638,0.000,1191.526,0.000,0.000,0.000,569.960,229.536,58963.784,0.000,0.000,0.000,5729.288,332.734,347.969,0.000,1291.069,0.000,0.000,239.783,1688.133,546.027,0.000,979.580,1112.758,2091.207,518.642,0.000,0.000,0.000,0.000,0.000,610.817,1446.631,0.000,1328.264,465.872,1325.363,121.535,0.000,0.000,3338.150,268.434,0.000,23.202,674.388,324.780,1957.219,0.000,0.000,1051.474,267.132,1833.244,0.000,2202.682,506.844,0.000,325.666,264.462,0.000,2002.610,1979.601,686.740,752.022,2022.556,0.000,1094.100,0.000,21422.600,0.000,0.000,0.000,2001.592,10237.043,871.103,1401.423,142.279,813.779,268.564,11184.818,0.000,2934.242,0.000,0.000,254.950
497.439,227.180,0.000,0.000,0.000,4749.947,319.336,26.194,1917.491,1733.577,2017.943,333.311,4362.194,672.639,121.875,99.294,0.000,357.378,0.000,0.000,85904.090,0.000,409.732,343.419,0.000,1833.018,114.177,888.059,2143.295,0.000,0.000,1114.513,0.000,479.504,1392.990,0.000,249.554,2197.323,1124.935,89.926,333.311,1190.674,0.000,0.000,1339.685,0.000,134.073,465.285,900.460,10331.715,9065.664,0.000,870.897,1403.452,0.000,907.765,167.796,0.000,0.000,1258.181,0.000,1708.310,511.462,0.000,0.000,2738.098,161.744,0.000,3238.142,25090.686,676.832,630.531,0.000,0.000,0.000,463.877,651.947,1810.987,234.101,89.926,1674.441,1915.886,484.859,0.000,116.840,54.666,0.000,380.471,161.744,1077.680,0.000,0.000,0.000,221.301,965.424,0.000
0.000,0.000,0.000,0.000,0.000,954.519,3671.392,656.600,0.000,1054.470,0.000,1230.379,0.000,264.667,8747.245,27532.544,429.633,311.723,1491.927,0.000,0.000,225290.260,2255.500,0.000,0.000,668.409,3455.559,0.000,160.547,2149.684,0.000,6874.250,0.000,2745.037,7823.015,0.000,508.160,32470.020,347.528,0.000,0.000,0.000,4888.845,0.000,5071.470,1566.684,0.000,282.297,1621.074,453.040,0.000,0.000,0.000,1734.758,1067.727,0.000,0.000,22685.176,394.902,287.944,0.000,2251.057,401.343,0.000,147.206,968.569,0.000,1288.984,0.000,416.416,11263.922,0.000,0.000,250.992,0.000,0.000,7039.068,2602.544,1705.392,394.902,0.000,0.000,972.390,0.000,0.000,0.000,0.000,264.667,680.625,8368.903,0.000,523.579,0.000,50.791,0.000,0.000
0.000,269.799,0.000,0.000,0.000,1445.089,2482.350,162.359,0.000,0.000,0.000,670.152,0.000,628.998,3718.141,12924.670,808.539,0.000,1047.539,0.000,409.732,2789.364,189319.556,0.000,0.000,2031.655,239.980,0.000,282.536,44362.191,0.000,4320.544,0.000,1016.640,9268.945,0.000,0.000,5040.290,0.000,0.000,449.854,0.000,1551.242,0.000,1857.204,1897.028,398.854,552.142,1399.769,0.000,0.000,393.331,82.003,541.504,11343.476,0.000,0.000,5188.665,0.000,23.649,0.000,5107.284,0.000,0.000,132.082,1327.092,60.909,0.000,854.197,306.179,22790.154,0.000,0.000,0.000,260.505,0.000,0.000,487.736,13862.680,0.000,0.000,0.000,590.006,0.000,0.000,0.000,0.000,1252.464,0.000,2356.007,1304.777,0.000,0.000,247.989,0.000,0.000
858.005,0.000,0.000,8783.046,8305.044,2353.413,0.000,2144.283,446.964,1804.797,0.000,0.000,0.000,0.000,1069.478,262.783,0.000,0.000,0.000,5421.177,343.419,0.000,0.000,124574.245,3712.434,507.861,0.000,656.298,0.000,0.000,0.000,1008.563,3768.736,646.459,0.000,757.499,7180.430,0.000,0.000,0.000,0.000,0.000,0.000,446.964,1108.106,350.082,322.164,343.419,424.981,0.000,0.000,0.000,2380.436,0.000,0.000,291.504,11454.316,0.000,1630.353,343.419,0.000,589.215,0.000,663.805,0.000,3056.472,0.000,434.041,0.000,1773.699,0.000,532.672,3233.796,1022.072,3043.412,1492.655,625.361,849.972,0.000,6194.504,0.000,0.000,248.514,1344.854,1174.098,218.842,754.150,0.000,535.821,1564.996,13208.747,296.120,357.561,0.000,0.000,206.853
0.000,0.000,0.000,1247.531,0.000,1751.541,1750.365,2380.935,2395.064,2552.410,0.000,365.370,0.000,397.504,0.000,0.000,365.370,0.000,0.000,332.734,0.000,0.000,1301.668,2320.998,226143.474,2130.326,305.837,0.000,0.000,0.000,16123.175,1600.370,8292.751,2467.840,1036.577,680.106,6344.212,0.000,0.000,0.000,901.573,0.000,326.755,0.000,1036.577,202.045,8903.179,449.873,1335.875,990.497,0.000,0.000,5020.322,381.947,0.000,0.000,1077.610,365.370,1817.200,305.837,0.000,0.000,1723.757,473.149,0.000,4204.831,0.000,332.734,397.504,365.370,0.000,1580.266,6145.628,1058.559,1937.495,1207.916,365.370,6808.330,859.717,7428.835,452.489,0.000,682.407,908.836,3878.178,1993.274,329.676,0.000,449.873,3213.172,4904.011,397.504,769.706,365.370,0.000,2073.966
1631.839,1979.212,87.360,403.091,991.866,2137.727,13925.234,1726.294,1515.217,553.602,2188.539,3044.122,387.284,1022.909,1761.178,1959.354,2384.984,408.764,1837.158,347.969,1574.818,860.175,1491.812,532.103,2059.592,68645.456,1019.363,1580.410,2208.358,1204.547,21.393,5517.537,595.273,1989.364,7732.472,0.000,1525.430,1090.266,1027.369,104.728,326.400,2654.460,2489.348,326.605,19660.133,2204.553,789.209,3624.262,3774.636,2295.127,635.767,0.000,1817.958,1703.508,678.512,158.282,202.266,1394.722,1307.014,10328.278,1280.856,8909.628,5161.776,403.071,2320.267,12870.796,454.534,2545.064,14856.996,2995.478,1385.142,549.959,2385.455,390.103,263.619,1315.433,3348.414,4351.028,197.274,2227.021,1491.667,2116.959,1713.795,1176.829,1404.510,3706.132,1436.640,1777.386,1598.147,6790.337,584.358,3581.380,1450.278,1415.830,1051.932,1314.888
344.265,0.000,0.000,0.000,0.000,1189.854,808.058,1443.395,531.830,654.789,889.372,0.000,0.000,460.134,1995.528,108.104,586.122,277.367,0.000,0.000,114.177,3455.559,239.980,0.000,332.734,1019.363,77697.891,0.000,0.000,508.422,0.000,1414.215,640.285,14011.953,887.255,489.225,0.000,9778.490,0.000,0.000,0.000,266.068,255.188,0.000,1836.092,797.185,145.865,375.718,2011.086,0.000,824.107,0.000,1603.630,148.098,0.000,222.281,0.000,2130.822,92.304,388.765,0.000,1847.157,0.000,0.000,0.000,1229.933,0.000,23659.657,682.237,205.553,2870.510,0.000,391.579,0.000,0.000,575.848,18434.912,2434.036,0.000,658.302,477.602,0.000,157.373,0.000,0.000,620.487,607.571,0.000,0.000,4495.959,0.000,0.000,716.021,0.000,0.000,190.131
0.000,0.000,0.000,0.000,238.626,1278.652,2135.907,1412.388,1331.414,473.844,0.000,0.000,0.000,0.000,0.000,0.000,0.000,15899.661,353.450,1065.974,888.059,0.000,0.000,656.298,0.000,1108.673,0.000,105471.432,0.000,0.000,0.000,0.000,0.000,486.427,933.676,884.580,2378.996,0.000,0.000,0.000,0.000,0.000,0.000,567.469,1811.970,0.000,145.865,324.877,915.707,0.000,0.000,0.000,0.000,0.000,0.000,751.918,0.000,0.000,6314.400,1107.406,0.000,1280.951,0.000,6457.529,0.000,418.777,0.000,0.000,447.105,460.180,0.000,0.000,0.000,4258.740,0.000,0.000,1264.031,664.668,0.000,5410.413,0.000,0.000,154.375,447.105,950.848,904.959,13229.206,0.000,2001.950,1737.384,2484.816,0.000,751.918,0.000,685.796,836.530
122.572,850.917,528.408,0.000,0.000,7355.582,1193.975,261.040,1480.453,2277.230,29332.605,879.115,9432.333,593.998,419.658,461.646,0.000,0.000,0.000,0.000,1845.449,160.547,1852.826,0.000,0.000,2301.274,0.000,0.000,131230.489,838.495,0.000,1390.331,0.000,0.000,1633.835,0.000,0.000,71.859,0.000,0.000,1718.467,2455.550,0.000,0.000,1710.921,202.976,0.000,12418.344,2262.027,17194.323,579.489,0.000,326.325,528.278,0.000,246.420,0.000,0.000,247.356,1462.591,0.000,419.658,12564.832,0.000,0.000,3726.258,333.483,127.121,1609.701,875.466,603.552,245.893,261.040,0.000,0.000,0.000,522.081,40.814,0.000,0.000,1698.703,978.753,0.000,0.000,0.000,943.271,0.000,3357.276,1532.279,3355.184,0.000,0.000,341.380,394.283,1212.688,0.000
0.000,1768.174,0.000,656.138,0.000,1837.681,4604.149,38.306,686.699,1274.409,0.000,616.734,0.000,0.000,2901.928,13553.560,579.920,0.000,611.131,0.000,0.000,2382.099,46477.444,0.000,0.000,2293.606,741.466,0.000,838.495,371418.247,0.000,6367.559,0.000,1423.422,11820.070,0.000,0.000,2303.163,0.000,666.837,0.000,0.000,846.044,268.763,5853.120,3334.677,0.000,1493.941,862.488,0.000,1538.465,96.119,827.643,747.093,17351.068,0.000,0.000,3828.795,0.000,2271.204,0.000,2009.080,0.000,0.000,1144.866,3281.661,0.000,0.000,1936.444,2011.795,31610.559,0.000,0.000,0.000,0.000,0.000,3791.550,4558.168,12083.501,1377.641,0.000,0.000,1086.184,0.000,0.000,0.000,0.000,0.000,0.000,5751.237,0.000,0.000,0.000,2017.755,335.901,0.000
0.000,0.000,0.000,0.000,0.000,1957.100,1175.096,2460.497,793.158,1280.143,0.000,0.000,0.000,454.961,0.000,0.000,0.000,0.000,0.000,239.783,0.000,0.000,0.000,0.000,17545.383,652.487,244.766,0.000,0.000,0.000,61896.897,1163.772,289.852,0.000,2270.779,482.769,5837.849,0.000,0.000,0.000,0.000,0.000,740.411,118.443,471.694,0.000,13111.364,1056.745,0.000,0.000,21.298,0.000,1390.305,454.961,0.000,0.000,212.204,0.000,49.535,0.000,0.000,1489.343,674.194,743.078,0.000,1009.379,0.000,0.000,618.466,674.194,239.783,0.000,1840.693,191.972,0.000,1069.085,0.000,1567.230,0.000,2242.115,0.000,618.466,0.000,1285.974,686.597,0.000,478.115,0.000,1746.286,1048.225,0.000,0.000,0.000,0.000,0.000,8768.733
961.568,1427.193,129.340,0.000,1238.140,1360.839,4739.251,515.972,772.578,337.726,1061.543,1585.752,58.092,90.650,7734.462,5347.691,4080.274,582.294,5121.221,236.070,1081.859,7026.716,4907.865,1008.563,1195.204,5249.833,1092.994,0.000,1390.331,5527.502,1163.772,87255.854,925.602,1485.476,22312.531,636.581,2217.097,12959.230,0.000,0.000,583.674,693.348,9483.663,1008.765,7943.567,11085.069,528.112,1166.275,5064.112,504.744,806.933,96.119,889.252,2401.907,4625.570,188.781,26.885,1758.555,2224.762,1947.518,0.000,5574.424,1289.048,1045.658,689.029,2194.831,501.734,5262.526,4486.535,1615.496,7112.029,899.686,824.961,232.089,725.722,750.786,10447.764,2065.585,895.179,1894.278,583.778,713.924,3024.367,0.000,127.295,788.572,656.539,1015.158,215.925,15477.477,239.157,806.258,980.392,1962.440,213.439,857.541
2383.472,0.000,0.000,1110.445,341.105,531.701,436.232,3238.546,151.690,806.411,0.000,0.000,0.000,595.422,0.000,1090.917,0.000,0.000,200.414,546.027,0.000,0.000,0.000,2847.470,9333.060,905.591,640.285,0.000,0.000,165.031,289.852,925.602,114492.824,777.689,313.531,1479.976,4704.185,0.000,0.000,0.000,0.000,0.000,0.000,0.000,310.318,0.000,3075.632,0.000,1780.617,0.000,601.294,0.000,1439.051,0.000,0.000,165.031,3999.167,0.000,236.494,151.690,417.006,194.664,0.000,0.000,0.000,1086.225,0.000,0.000,313.531,343.505,0.000,1295.939,14737.503,1592.682,7763.290,6950.416,313.531,1679.916,245.077,4495.633,0.000,0.000,0.000,310.796,577.458,0.000,338.129,219.982,807.589,462.486,1808.012,971.806,4017.902,0.000,0.000,165.031
1243.278,583.215,0.000,501.830,339.166,1082.449,3596.421,1037.590,364.187,1034.862,0.000,581.117,0.000,10506.459,950.068,557.848,0.000,2239.615,0.000,357.563,479.504,2745.037,1016.640,646.459,2467.840,1775.995,13070.543,486.427,0.000,1423.422,0.000,1782.464,404.360,121706.885,1658.084,384.283,205.612,7248.408,144.982,0.000,78.735,1248.411,249.272,594.925,3463.391,865.724,40.546,778.836,8343.429,225.238,972.163,0.000,4092.171,61.087,249.866,336.538,0.000,603.327,1241.798,1049.540,0.000,1636.496,2040.036,0.000,0.000,3266.179,707.816,51395.174,637.984,717.998,2577.362,4582.498,2213.565,119.741,573.608,6344.267,4078.594,3271.462,61.247,1132.170,764.923,391.240,823.076,603.000,390.977,175.669,501.960,989.841,344.350,13614.223,0.000,41.006,6600.585,407.345,0.000,0.000
1073.720,2158.036,1085.032,1371.590,905.450,1842.138,8948.587,1164.922,1071.377,645.572,883.019,6452.953,1344.941,729.504,13126.908,7423.258,7694.130,915.205,11632.081,979.580,1230.666,7307.166,7975.910,72.047,1036.577,7333.349,887.255,933.676,1633.835,11087.526,2026.014,22631.556,313.531,1353.665,198197.622,384.283,530.389,10609.486,236.542,293.154,2368.033,1300.936,9532.660,221.611,13622.934,11423.155,2610.997,4537.418,4635.469,381.718,1753.885,104.431,3077.902,7483.189,5962.117,332.015,0.000,3986.727,1055.284,6421.342,504.334,14494.736,0.000,84.241,2734.481,3723.068,4853.124,3814.836,4577.146,2005.133,18925.665,2403.851,1452.830,770.177,1525.920,891.557,6277.250,1921.509,1710.717,2057.591,431.694,1114.784,10166.496,884.627,952.068,2870.611,1007.920,2295.254,396.434,11178.506,1399.415,0.000,759.946,8944.898,769.588,799.401
0.000,1076.106,0.000,256.040,0.000,1389.398,6933.207,3013.480,1522.031,4347.225,0.000,513.600,0.000,1320.207,0.000,1321.336,0.000,1183.631,0.000,1112.758,0.000,0.000,0.000,711.834,0.000,0.000,489.225,884.580,0.000,0.000,909.536,636.581,1479.976,619.625,384.283,225726.177,5623.610,159.062,485.541,0.000,0.000,0.000,0.000,9283.071,2206.971,0.000,903.621,872.795,1023.753,372.772,0.000,0.000,548.444,384.283,0.000,1064.801,591.641,0.000,4748.701,0.000,0.000,755.844,0.000,4626.884,0.000,2702.470,0.000,966.322,361.185,0.000,534.271,0.000,639.506,7315.790,0.000,857.751,1261.948,4565.484,0.000,6405.272,0.000,0.000,0.000,12929.905,872.795,0.000,6140.520,2670.132,972.964,2454.487,418.080,0.000,1137.748,0.000,0.000,1581.986
1254.951,0.000,0.000,487.002,10827.650,1444.110,2059.470,2081.481,957.194,3072.578,0.000,220.483,0.000,1193.514,957.165,179.231,0.000,1544.924,0.000,1784.213,229.803,508.160,0.000,7757.681,6429.314,1158.873,0.000,1865.070,0.000,0.000,7545.463,2548.426,4393.389,205.612,557.961,3454.772,162382.941,508.219,390.758,0.000,0.000,0.000,0.000,1898.658,503.373,0.000,21070.972,1070.495,729.151,1757.648,0.000,0.000,3073.418,0.000,370.858,1037.894,16348.637,0.000,5833.473,2117.360,0.000,1081.854,0.000,3598.432,115.646,4621.418,0.000,0.000,532.001,1202.156,714.130,138.688,867.088,13417.489,976.355,706.776,490.695,2619.307,0.000,6186.574,0.000,120.540,0.000,5309.542,1721.128,309.162,13250.666,23.110,1514.657,2481.189,3823.359,0.000,455.653,27.321,0.000,7670.614
105.919,397.821,583.695,0.000,310.436,1281.027,5558.671,1292.001,3408.593,129.205,1345.657,782.598,0.000,2043.625,13801.202,4233.715,1209.014,0.000,1933.526,687.137,1274.077,33019.535,4721.477,0.000,0.000,1208.362,9408.797,0.000,71.859,2303.163,0.000,14785.018,0.000,7082.398,10487.174,159.062,508.219,280575.812,0.000,0.000,80.909,0.000,2541.821,108.868,4083.094,518.068,0.000,880.373,5199.003,65.401,274.294,0.000,1543.847,2934.808,24.770,569.484,563.502,5337.170,771.910,1459.346,977.053,2143.324,438.574,0.000,466.343,2280.786,690.247,7344.365,1795.841,589.988,10830.514,654.334,0.000,337.774,527.238,0.000,16165.883,2675.175,1467.570,892.252,1595.182,966.553,543.162,0.000,860.824,942.389,341.990,728.347,0.000,14308.526,713.548,0.000,749.996,919.116,108.673,190.131
0.000,0.000,0.000,291.597,0.000,1034.915,598.791,317.243,69.567,891.475,315.147,535.692,243.070,0.000,257.651,0.000,520.567,357.378,0.000,0.000,1714.616,347.528,0.000,0.000,0.000,1027.369,0.000,0.000,0.000,0.000,0.000,0.000,0.000,144.982,449.625,485.541,390.758,0.000,60260.669,0.000,0.000,0.000,427.365,323.512,251.567,0.000,0.000,0.000,579.342,243.070,2538.716,0.000,831.627,0.000,0.000,1736.360,0.000,0.000,169.721,168.253,0.000,709.596,0.000,0.000,0.000,1546.383,0.000,275.020,1508.963,2779.656,0.000,153.597,291.597,0.000,0.000,0.000,0.000,1281.115,0.000,727.518,25339.202,12386.416,0.000,0.000,169.721,1629.712,0.000,491.858,3480.968,382.095,0.000,17205.861,0.000,0.000,0.000,0.000
0.000,785.509,315.558,0.000,0.000,1045.883,1069.786,0.000,320.016,90.038,737.425,413.768,399.628,284.220,0.000,0.000,0.000,0.000,0.000,0.000,89.926,0.000,0.000,0.000,0.000,894.266,0.000,0.000,0.000,666.837,0.000,89.926,0.000,0.000,293.154,0.000,0.000,0.000,0.000,11102.662,207.380,1645.745,0.000,0.000,952.570,0.000,0.000,2531.403,0.000,356.551,31.347,0.000,89.926,317.013,0.000,0.000,0.000,0.000,0.000,1469.022,0.000,394.249,1077.789,0.000,0.000,0.000,97.834,0.000,362.695,110.378,0.000,0.000,0.000,274.627,0.000,0.000,371.709,67.480,0.000,0.000,583.778,0.000,0.000,0.000,0.000,31.750,0.000,2912.838,0.000,577.361,0.000,0.000,0.000,48.112,6067.894,0.000
0.000,766.147,17.588,0.000,639.022,448.519,1711.210,0.000,0.000,217.237,834.777,3836.331,0.000,0.000,94.917,0.000,0.000,0.000,853.218,0.000,333.311,0.000,449.854,0.000,901.573,349.440,0.000,0.000,1282.903,0.000,0.000,819.760,0.000,78.735,1794.617,0.000,0.000,202.810,0.000,207.380,50449.422,591.757,0.000,0.000,2103.132,207.380,520.899,2722.120,322.552,313.415,0.000,0.000,339.993,100.870,0.000,0.000,0.000,0.000,108.618,624.444,1342.486,2149.108,1533.466,960.816,463.003,527.814,7653.433,0.000,482.185,933.964,510.484,433.083,0.000,0.000,0.000,268.064,131.510,0.000,0.000,0.000,0.000,498.308,133.740,0.000,0.000,295.224,0.000,4854.218,295.224,735.313,0.000,0.000,0.000,338.177,0.000,0.000
0.000,1168.679,1888.688,0.000,308.485,8012.378,2050.394,610.606,864.706,696.554,12933.216,820.002,555.674,292.310,292.310,0.000,288.853,0.000,0.000,0.000,1190.674,0.000,0.000,0.000,0.000,3473.437,266.068,0.000,2455.550,0.000,0.000,693.348,0.000,1248.411,1300.936,0.000,0.000,0.000,0.000,2536.278,591.757,179940.940,0.000,0.000,1910.544,0.000,0.000,11742.289,1088.001,3136.661,36.552,0.000,62.903,0.000,469.636,0.000,0.000,0.000,0.000,2124.238,7278.756,2079.108,17069.210,0.000,584.339,3172.793,795.571,0.000,3621.000,1247.156,0.000,576.740,0.000,0.000,0.000,0.000,1642.088,4309.748,0.000,512.760,1220.406,312.177,0.000,0.000,661.323,755.237,0.000,2660.247,584.339,1061.405,0.000,526.931,0.000,0.000,1928.108,0.000
0.000,1499.001,0.000,0.000,0.000,738.610,4398.594,0.000,740.411,1275.337,300.341,730.968,0.000,612.749,3958.540,2611.827,2746.765,0.000,34285.319,0.000,0.000,4888.845,1226.636,0.000,326.755,2051.307,255.188,0.000,0.000,1560.521,740.411,9649.788,0.000,498.544,9993.895,0.000,0.000,2541.821,427.365,0.000,0.000,0.000,253510.772,0.000,6311.412,23744.978,0.000,363.242,664.014,0.000,0.000,0.000,240.276,3282.955,309.737,0.000,0.000,532.917,0.000,298.365,0.000,4907.773,324.606,0.000,669.426,1758.182,701.340,138.816,1760.088,143.466,33647.004,0.000,0.000,0.000,0.000,0.000,3198.502,4070.117,5536.898,532.019,0.000,0.000,2186.833,0.000,0.000,298.365,0.000,953.297,477.302,3804.647,0.000,0.000,0.000,2017.617,0.000,0.000
108.868,108.868,0.000,161.617,0.000,221.611,1048.449,26.194,541.181,1797.712,0.000,1056.695,0.000,541.181,0.000,899.897,309.063,643.805,0.000,476.769,0.000,0.000,0.000,446.964,899.897,544.342,0.000,567.469,0.000,268.763,118.443,1008.765,0.000,594.925,221.611,8951.750,2007.526,108.868,323.512,0.000,0.000,0.000,0.000,135856.625,479.031,0.000,108.868,0.000,0.000,0.000,0.000,0.000,0.000,108.868,0.000,1108.025,0.000,0.000,1844.450,108.868,0.000,148.552,0.000,473.149,0.000,1844.218,0.000,0.000,0.000,257.421,257.421,148.552,501.411,15352.249,0.000,0.000,0.000,1303.972,0.000,3439.976,0.000,0.000,131.854,8118.787,501.411,620.992,6139.173,0.000,0.000,0.000,408.155,0.000,131.854,0.000,0.000,979.041
1202.035,2582.189,817.318,142.522,1777.221,2959.043,24749.779,1693.763,1803.718,1016.401,3123.632,3204.519,2051.918,3013.027,2642.775,2315.133,5577.590,1582.387,3314.961,1912.503,832.290,4843.871,1693.141,1330.477,1036.577,20097.081,1980.016,2199.497,1595.734,5647.275,471.694,8040.782,475.349,4067.524,13336.659,2206.971,1250.012,3500.719,251.567,1335.650,2126.024,2222.722,5812.682,479.031,96372.874,3625.336,2940.587,3683.747,6484.273,1619.591,2864.286,108.783,2161.010,1941.140,2626.195,255.685,361.348,1693.040,1568.203,10303.876,870.687,15668.629,3887.184,1367.373,2894.105,7579.852,2856.496,1743.027,3673.815,4088.785,3807.463,1731.385,114.050,1693.336,552.680,1124.778,7376.674,4387.252,730.524,1187.291,717.929,2088.359,1706.697,1253.545,963.185,570.883,689.824,1939.549,1005.338,16915.706,544.989,0.000,1228.427,5392.580,728.177,1576.646
0.000,1481.628,0.000,0.000,609.881,0.000,3635.449,0.000,557.781,2817.732,0.000,745.575,0.000,219.815,4315.728,5656.426,14974.511,0.000,28183.657,0.000,0.000,1566.684,913.930,224.868,202.045,3115.232,797.185,0.000,202.976,2779.760,0.000,12510.639,0.000,865.724,10562.314,0.000,0.000,359.131,0.000,0.000,207.380,0.000,22442.442,0.000,3625.336,240959.067,0.000,0.000,502.818,0.000,1230.762,0.000,835.793,1091.222,2397.557,0.000,421.328,384.444,0.000,1590.801,0.000,7433.593,301.038,0.000,1023.400,1014.727,0.000,938.949,620.647,0.000,30589.956,0.000,620.647,245.870,0.000,620.647,906.058,2537.435,7052.441,0.000,0.000,0.000,12767.595,0.000,0.000,336.347,202.045,1272.193,0.000,8007.273,0.000,0.000,0.000,1267.103,0.000,0.000
863.598,0.000,0.000,171.539,1434.122,1237.668,1817.243,685.980,740.792,1810.749,0.000,520.899,0.000,134.073,520.899,0.000,0.000,0.000,0.000,1328.264,134.073,0.000,398.854,322.164,10917.425,789.209,145.865,145.865,0.000,0.000,12361.989,528.112,3075.632,40.546,2610.997,903.621,20558.962,0.000,0.000,0.000,0.000,0.000,0.000,108.868,2940.587,0.000,112559.121,4.318,1713.860,0.000,0.000,0.000,2406.748,0.000,0.000,1127.618,2858.825,0.000,902.900,0.000,0.000,381.250,410.482,0.000,0.000,2473.281,0.000,127.121,789.209,2207.150,0.000,134.073,187.096,582.809,2585.757,1980.435,897.272,2621.645,0.000,6511.307,0.000,0.000,0.000,0.000,1773.729,618.466,915.500,641.372,606.719,348.887,1481.565,0.000,171.539,0.000,0.000,4721.930
307.611,9818.605,3233.716,0.000,1665.244,5797.949,2643.688,369.215,660.538,472.389,17927.908,1905.368,1975.370,324.790,421.143,241.828,1964.611,356.961,606.489,465.872,465.285,282.297,499.127,343.419,1118.268,2832.719,375.718,324.877,13004.335,1342.080,1056.745,1082.578,0.000,939.463,4707.497,872.795,1098.373,880.373,0.000,2059.297,2950.801,13803.388,363.242,0.000,2989.542,0.000,0.000,59413.089,669.988,2340.861,65.277,104.431,903.284,694.392,409.875,13.727,0.000,185.575,564.092,18795.255,2277.000,7757.872,13526.857,0.000,1305.392,4015.001,2600.494,244.044,3053.241,577.812,948.365,92.175,461.740,0.000,0.000,498.583,763.551,1570.464,105.591,1544.376,0.000,72.610,676.866,0.000,1506.332,91.637,495.597,11982.508,114.979,1994.174,0.000,0.000,385.848,1186.286,9655.900,1669.258
1286.763,579.465,475.563,1394.148,45.218,1754.223,8788.699,1297.937,946.682,1532.229,345.639,1208.088,1010.760,10216.890,915.989,1332.760,598.306,1206.225,48.201,1325.363,479.504,2697.059,1144.738,753.637,871.834,3911.659,1723.360,2250.872,2018.159,2419.365,708.806,3656.486,2010.954,8220.052,3147.630,1023.753,1260.085,5451.729,1071.201,0.000,233.844,1088.001,1076.416,0.000,4752.619,421.860,1472.259,1096.200,61319.318,437.272,2071.718,0.000,1796.391,348.717,0.000,274.626,370.473,1514.087,1263.933,2735.506,0.000,2674.877,3602.560,281.725,659.570,4167.751,0.000,4542.658,1981.246,1610.521,3060.462,1251.446,2078.351,153.867,1202.274,4174.078,8091.981,15168.351,149.423,2011.818,1308.882,1678.542,753.378,107.443,110.516,1468.611,528.853,239.910,662.421,21229.409,877.079,5011.068,1959.395,1183.553,0.000,909.662
247.315,152.385,91.267,0.000,0.000,3628.942,921.541,303.464,1656.998,222.669,9407.244,774.503,11031.292,4.318,0.000,0.000,0.000,0.000,0.000,121.535,11183.788,453.040,0.000,0.000,0.000,2495.639,0.000,0.000,19142.091,0.000,0.000,504.744,0.000,225.238,271.547,342.638,1757.648,65.401,243.070,590.934,313.415,2672.100,0.000,0.000,2217.166,0.000,625.127,2272.613,437.272,81076.285,1698.022,0.000,195.922,86.986,0.000,0.000,0.000,0.000,525.575,1378.881,43.538,1521.332,1984.925,894.224,0.000,2933.946,0.000,110.085,1277.133,4171.895,0.000,0.000,0.000,0.000,0.000,365.370,468.213,1290.228,0.000,1460.016,261.833,93.140,77.187,0.000,0.000,272.918,416.105,418.199,1174.746,337.619,0.000,0.000,0.000,134.545,567.323,0.000
0.000,0.000,129.340,0.000,0.000,1549.812,1030.397,60.208,1249.724,806.933,2007.168,0.000,21587.063,0.000,1051.903,0.000,421.817,0.000,0.000,0.000,9065.664,0.000,0.000,0.000,0.000,434.260,824.107,0.000,579.489,1538.465,21.298,806.933,601.294,794.450,1694.399,0.000,0.000,274.294,2598.203,0.000,0.000,36.552,0.000,0.000,2192.249,1230.762,0.000,408.157,2965.962,1794.802,51819.748,0.000,703.800,65.277,0.000,1852.104,0.000,0.000,700.629,1800.703,0.000,1750.159,948.264,0.000,0.000,1158.616,0.000,0.000,2067.456,34833.495,1817.877,0.000,0.000,31.264,0.000,0.000,439.092,1499.819,0.000,1483.403,9093.026,3759.387,0.000,0.000,269.601,915.624,230.197,86.523,977.206,2022.237,0.000,1899.724,741.702,0.000,477.980,0.000
0.000,0.000,0.000,0.000,0.000,0.000,96.119,0.000,0.000,0.000,0.000,0.000,0.000,0.000,0.000,96.119,0.000,0.000,0.000,0.000,0.000,0.000,524.511,0.000,0.000,0.000,0.000,0.000,0.000,96.119,0.000,96.119,0.000,0.000,104.431,0.000,0.000,0.000,0.000,0.000,0.000,0.000,0.000,0.000,108.783,0.000,0.000,104.431,0.000,0.000,0.000,2499.464,88.349,78.762,3527.139,0.000,0.000,0.000,0.000,0.000,0.000,321.996,0.000,0.000,0.000,0.000,0.000,0.000,0.000,104.431,601.267,0.000,0.000,0.000,88.349,0.000,0.000,88.349,96.119,0.000,0.000,0.000,0.000,0.000,0.000,0.000,0.000,8.923,0.000,96.119,0.000,0.000,0.000,0.000,0.000,0.000
12960.054,291.021,0.000,1450.327,1686.695,1033.947,2388.720,9703.756,2541.959,5373.991,725.115,205.185,540.973,2985.507,858.224,126.569,583.879,1525.910,0.000,2348.567,1468.679,0.000,82.003,3488.377,5020.322,1567.160,1529.719,0.000,228.813,827.643,2021.398,982.922,1875.283,4312.595,1646.223,548.444,2857.995,2896.574,831.627,0.000,635.217,62.903,240.276,0.000,1795.743,505.694,2363.411,903.284,2196.606,195.922,654.982,88.349,69983.742,739.305,0.000,170.743,1624.278,131.338,3063.443,406.966,0.000,926.127,682.905,393.219,766.707,3240.282,584.645,2754.725,1560.702,1048.716,188.709,7059.881,3428.253,807.518,2346.296,4143.642,2186.664,4466.925,42.305,7743.649,2258.529,717.811,953.926,3230.924,3923.232,1079.814,1965.304,331.324,484.074,2111.022,4352.431,56.469,11545.594,155.572,0.000,1815.819
0.000,882.903,13.959,0.000,0.000,503.154,2301.721,27.131,21.442,0.000,1587.748,3612.388,0.000,431.285,2716.733,2511.833,4398.063,43.082,2549.410,268.434,671.655,1484.499,1188.523,59.589,397.504,1925.058,148.098,0.000,628.135,1376.521,454.961,2524.839,0.000,102.092,7365.961,384.283,290.857,2710.473,0.000,422.395,63.671,0.000,3282.955,108.868,1750.535,1147.793,0.000,1021.513,348.717,86.986,65.277,78.762,408.121,27248.967,950.353,7.483,0.000,353.366,659.827,1117.714,513.451,4713.484,0.000,438.520,654.605,777.396,504.748,570.312,453.561,109.184,6284.086,0.000,72.136,0.000,0.000,0.000,781.109,580.975,119.897,655.534,0.000,392.445,14230.245,0.000,622.556,187.930,73.173,1175.815,61.852,2245.465,0.000,1058.433,0.000,13379.271,0.000,0.000
0.000,0.000,0.000,0.000,0.000,307.655,263.490,0.000,0.000,0.000,0.000,249.866,0.000,0.000,2138.331,3050.846,21.630,0.000,599.291,0.000,0.000,805.705,11931.046,0.000,0.000,551.063,0.000,0.000,0.000,16664.370,0.000,5869.388,0.000,249.866,6388.977,0.000,370.858,350.736,0.000,0.000,0.000,469.636,309.737,0.000,2549.231,2397.557,0.000,409.875,0.000,0.000,0.000,3671.409,0.000,950.353,141171.306,0.000,0.000,0.000,0.000,249.866,0.000,1736.562,0.000,0.000,0.000,1216.576,0.000,24.770,1074.985,0.000,6597.538,0.000,271.841,0.000,0.000,0.000,271.841,706.874,2744.780,0.000,580.816,0.000,77.187,0.000,0.000,0.000,0.000,1375.775,0.000,2870.622,0.000,0.000,0.000,657.335,0.000,0.000
44.320,0.000,281.431,0.000,673.470,210.029,412.580,2821.687,4305.412,3765.328,666.497,0.000,902.852,419.897,0.000,159.180,415.989,70.325,1553.262,23.202,907.765,0.000,0.000,238.511,0.000,180.506,871.670,1238.345,246.420,0.000,0.000,188.781,165.031,471.626,202.789,1578.003,1090.433,569.484,1736.360,0.000,0.000,0.000,0.000,1108.025,254.705,0.000,1127.618,13.727,247.941,0.000,1110.402,0.000,170.743,7.483,0.000,18058.482,0.000,0.000,1629.393,331.757,0.000,266.826,505.036,53.448,32.686,1654.821,169.824,0.000,593.952,2498.059,0.000,0.000,351.527,0.000,0.000,621.397,22.028,495.406,0.000,124.017,1168.180,497.796,0.000,0.000,635.695,2027.571,0.000,22.028,2831.784,400.880,299.287,5273.127,212.993,18.109,0.000,857.086
623.209,0.000,0.000,2811.932,1272.825,561.426,1039.895,1197.122,210.224,222.518,1534.609,0.000,0.000,0.000,274.118,0.000,0.000,0.000,0.000,815.681,167.796,0.000,0.000,10602.419,1372.941,820.804,0.000,0.000,0.000,0.000,212.204,26.885,4396.671,0.000,128.433,591.641,16205.020,563.502,0.000,0.000,0.000,0.000,0.000,0.000,202.266,421.328,2500.291,222.518,722.872,0.000,0.000,0.000,1624.278,0.000,24.770,0.000,46028.437,0.000,1019.657,496.183,0.000,170.736,0.000,79.594,0.000,1034.986,0.000,0.000,119.793,390.690,350.951,0.000,3937.428,1906.236,238.458,2629.338,0.000,2901.722,0.000,3548.300,0.000,119.793,0.000,2662.557,1257.399,0.000,1583.658,0.000,0.000,942.027,710.870,0.000,813.939,0.000,0.000,2756.410
0.000,307.771,0.000,0.000,0.000,0.000,489.837,0.000,603.327,0.000,0.000,0.000,0.000,0.000,1144.348,7294.378,990.710,0.000,0.000,324.780,0.000,22432.117,4882.458,0.000,365.370,1394.722,2130.822,0.000,0.000,3910.571,0.000,1758.555,0.000,353.366,4017.805,0.000,0.000,5587.131,0.000,0.000,0.000,0.000,532.917,0.000,2159.692,384.444,0.000,185.575,381.219,0.000,0.000,0.000,131.338,353.366,0.000,0.000,0.000,143673.150,0.000,50.779,0.000,3778.312,157.918,0.000,0.000,1132.868,637.120,489.837,0.000,0.000,6865.617,0.000,0.000,0.000,0.000,0.000,1376.120,271.944,0.000,0.000,0.000,0.000,0.000,0.000,0.000,0.000,0.000,21.362,0.000,4862.590,0.000,0.000,0.000,161.515,0.000,0.000
408.703,0.000,0.000,821.666,9742.414,960.770,1649.007,2225.483,1100.533,2646.435,0.000,0.000,0.000,417.846,0.000,0.000,0.000,18767.360,155.051,1957.219,0.000,0.000,0.000,1630.353,1817.200,1193.325,92.304,6061.325,247.356,0.000,49.535,2224.762,236.494,994.372,1055.284,4769.011,5346.290,771.910,169.721,0.000,0.000,0.000,0.000,1695.898,1521.339,0.000,382.001,564.092,920.129,525.575,700.629,0.000,3842.065,238.168,0.000,1288.257,1019.657,0.000,120330.893,456.473,0.000,3013.440,257.949,13066.532,0.000,769.959,0.000,0.000,1048.870,975.503,1101.820,673.852,845.600,1259.689,247.356,1153.671,532.243,2119.665,0.000,9541.385,35.839,0.000,0.000,2701.499,1784.644,584.061,4224.477,368.901,2264.568,809.966,7901.424,2103.808,0.000,1139.988,0.000,2103.131
101.375,7206.675,898.745,396.019,81.883,14132.947,4828.800,423.204,1762.661,662.180,2936.988,2649.392,730.902,383.965,1101.059,1026.162,245.468,45.664,1099.207,0.000,1170.715,287.944,82.545,666.124,305.837,11089.093,388.765,0.000,1462.591,2271.204,0.000,1947.610,151.690,2152.359,6557.686,0.000,2117.360,1183.291,281.711,1337.865,448.527,1137.576,298.365,108.868,9775.168,202.045,0.000,17872.598,2696.253,1790.096,1851.482,0.000,663.093,1081.542,249.866,331.757,496.183,50.779,409.609,108304.073,958.015,13735.138,2785.014,0.000,628.501,6111.707,251.540,254.243,6667.053,2078.239,1671.113,0.000,517.923,0.000,0.000,935.828,4324.674,2642.665,100.266,1278.654,1956.857,1530.783,670.835,546.395,68.321,568.986,97.380,4410.771,717.613,5054.443,473.689,0.000,0.000,770.223,1410.100,234.104
0.000,0.000,1403.674,0.000,0.000,4846.034,186.614,0.000,0.000,0.000,518.829,0.000,0.000,0.000,0.000,142.576,0.000,0.000,229.536,0.000,0.000,0.000,0.000,0.000,0.000,1304.108,0.000,0.000,0.000,0.000,0.000,0.000,513.451,0.000,463.565,0.000,0.000,977.053,0.000,0.000,1342.486,7630.836,0.000,0.000,870.687,0.000,0.000,3846.219,0.000,43.538,0.000,0.000,0.000,0.000,0.000,0.000,0.000,0.000,0.000,958.015,69681.190,1759.492,1535.879,0.000,0.000,0.000,0.000,0.000,417.006,0.000,0.000,417.006,0.000,0.000,0.000,0.000,0.000,0.000,0.000,0.000,0.000,0.000,0.000,0.000,0.000,0.000,0.000,1062.983,0.000,540.811,0.000,0.000,878.921,0.000,1342.302,0.000
298.470,12926.647,2262.720,102.000,363.034,1635.750,5615.891,856.131,761.867,915.093,924.483,9547.578,699.668,845.044,1695.918,2981.426,9290.840,1609.784,6160.023,845.812,1602.962,1977.990,4444.320,589.215,0.000,9395.242,1900.592,1280.951,723.532,2009.080,858.250,5618.885,194.664,1796.764,15456.426,755.844,1081.854,1176.464,367.766,269.456,2188.263,2391.285,5189.541,148.552,16615.842,8031.123,381.250,7658.647,2091.295,1521.332,1725.514,321.996,1023.168,4701.942,1736.562,266.826,393.254,3778.312,1942.189,13324.240,1759.492,107054.666,1315.723,84.241,3812.564,3304.738,2084.979,353.681,4932.443,3147.730,5058.116,1713.622,1173.227,245.870,0.000,330.654,3375.200,2819.239,334.388,1965.087,0.000,868.704,7229.064,0.000,1656.041,786.033,585.741,7437.917,966.159,5614.292,0.000,44.148,509.679,6862.485,616.011,948.503
0.000,101.810,2060.547,0.000,0.000,8206.340,1294.143,94.704,0.000,0.000,8022.115,415.768,1347.186,328.914,0.000,0.000,418.761,0.000,0.000,434.045,652.178,401.343,0.000,0.000,1723.757,4982.023,0.000,0.000,10367.630,0.000,674.194,1168.947,0.000,2160.137,0.000,0.000,0.000,438.574,0.000,538.912,1533.466,16601.018,324.606,0.000,3851.953,301.038,410.482,13336.890,2193.057,2423.499,1322.407,0.000,682.905,221.327,0.000,505.036,0.000,157.918,257.949,2998.879,1828.189,5023.666,118871.803,0.000,157.918,1872.063,1238.281,0.000,965.810,1658.159,540.008,0.000,517.923,0.000,0.000,0.000,1124.195,4412.035,0.000,438.574,0.000,0.000,0.000,0.000,0.000,1938.921,222.114,2037.901,1395.614,948.967,336.212,0.000,0.000,0.000,14764.768,428.771
0.000,0.000,0.000,0.000,5863.701,0.000,1954.268,1396.558,473.149,1374.384,0.000,0.000,0.000,0.000,403.071,0.000,0.000,7075.029,0.000,1833.244,0.000,0.000,0.000,607.084,786.051,403.071,0.000,6209.712,0.000,0.000,743.078,656.849,0.000,0.000,84.241,4041.424,4725.132,0.000,0.000,0.000,960.816,0.000,0.000,876.132,1367.373,0.000,0.000,0.000,281.725,0.000,0.000,0.000,302.705,438.520,0.000,53.448,0.000,0.000,13607.511,0.000,0.000,84.241,0.000,44204.300,0.000,2434.274,183.907,955.660,1788.447,473.149,510.641,500.903,0.000,1339.447,0.000,0.000,473.149,414.954,0.000,2099.072,753.182,0.000,274.407,0.000,302.705,0.000,6471.461,0.000,741.225,277.174,1846.282,0.000,0.000,0.000,0.000,971.093
107.118,96.648,0.000,0.000,0.000,2143.957,2433.800,172.439,0.000,159.502,388.843,7212.000,0.000,500.298,0.000,0.000,702.786,0.000,0.000,0.000,0.000,147.206,0.000,0.000,0.000,2355.917,0.000,0.000,0.000,1144.866,0.000,793.732,0.000,0.000,1869.901,0.000,115.646,514.836,0.000,0.000,463.003,584.339,669.426,257.308,3410.914,1023.400,0.000,1305.392,254.223,0.000,0.000,0.000,766.707,1080.180,0.000,32.686,0.000,0.000,0.000,628.501,0.000,5193.203,803.892,0.000,90879.170,2283.042,8662.254,0.000,392.745,720.134,404.382,0.000,0.000,0.000,0.000,0.000,679.730,972.154,0.000,320.689,0.000,0.000,135.889,0.000,0.000,0.000,0.000,477.786,135.306,1102.163,473.186,645.974,0.000,10938.064,0.000,0.000
633.973,77.150,129.340,579.132,1858.850,2777.601,13774.750,1339.869,4076.471,1920.697,6747.449,1301.935,4101.032,2255.739,349.782,638.222,520.663,1863.955,1242.611,2092.478,2777.246,910.561,1327.092,3174.755,1560.371,13308.173,1334.251,418.777,4564.753,3281.661,922.330,2047.872,748.096,2579.563,3164.372,2702.470,3907.811,3549.143,1603.000,586.309,310.032,3172.793,2076.698,1844.218,7532.359,1572.507,1831.908,3360.801,5340.584,3175.581,1158.616,0.000,5004.308,608.639,1241.345,1637.802,837.238,1132.868,802.139,5743.983,463.565,3035.544,1883.998,2434.274,2076.390,80717.723,2221.651,1378.901,17009.523,4945.332,2440.714,762.028,1211.711,1512.908,0.000,1726.296,4805.395,13070.488,105.591,3981.795,2343.057,2785.907,1998.478,530.079,1986.459,601.684,1784.165,579.727,438.178,7645.908,1777.379,1035.533,1550.414,2445.108,181.593,2599.339
0.000,942.980,0.000,0.000,0.000,3045.177,2769.750,121.037,0.000,52.959,353.908,17732.020,702.902,290.969,558.126,243.518,874.785,0.000,305.861,506.844,0.000,0.000,60.909,0.000,0.000,872.606,0.000,0.000,312.041,0.000,0.000,474.849,0.000,707.816,5016.086,0.000,0.000,690.247,0.000,97.834,8923.066,795.571,701.340,0.000,1961.866,0.000,0.000,2600.494,0.000,0.000,0.000,0.000,584.645,787.778,0.000,169.824,0.000,637.120,0.000,128.488,0.000,2125.743,1238.281,183.907,7479.139,1803.579,90334.434,0.000,1242.067,283.031,348.490,0.000,0.000,0.000,0.000,0.000,290.969,1124.444,0.000,281.777,0.000,0.000,0.000,0.000,0.000,319.824,0.000,3724.852,0.000,2028.964,0.000,0.000,0.000,4568.742,850.636,0.000
0.000,0.000,0.000,0.000,0.000,281.208,4959.758,1382.255,275.020,1107.766,135.088,570.312,0.000,4416.648,138.587,2036.365,1355.033,357.378,185.295,0.000,0.000,1401.772,0.000,0.000,332.734,2078.397,24272.327,0.000,127.121,0.000,0.000,4064.079,0.000,51187.713,3929.613,966.322,0.000,6144.312,275.020,0.000,0.000,0.000,138.816,0.000,2200.552,938.949,127.121,244.044,2603.543,110.085,0.000,0.000,3573.906,0.000,24.770,0.000,222.518,489.837,0.000,127.121,0.000,363.600,0.000,1237.385,0.000,1232.635,0.000,269264.244,1808.620,1438.384,2888.139,1410.919,0.000,0.000,0.000,0.000,13188.111,6823.041,1574.069,329.369,582.040,0.000,0.000,603.000,781.015,0.000,0.000,0.000,112.788,9501.078,127.121,172.574,1748.976,972.716,434.041,0.000
0.000,508.824,140.716,653.397,0.000,10567.586,4347.676,420.093,7998.268,2971.686,4464.775,3413.662,1423.469,1318.699,2052.877,365.791,409.365,913.603,1446.339,1871.835,4231.108,0.000,1377.666,0.000,397.504,15216.451,682.237,447.105,2128.664,1649.502,618.466,4897.998,313.531,659.030,4558.736,456.481,570.498,2792.659,722.439,362.695,351.166,3697.983,1760.088,0.000,3575.206,1191.122,789.209,994.735,3471.116,978.579,2030.552,0.000,1160.993,269.380,973.252,593.952,0.000,0.000,1048.870,5958.060,417.006,4305.202,965.810,0.000,507.209,18788.059,1242.067,1298.237,66924.735,3387.742,1110.732,0.000,284.742,920.612,0.000,684.990,2123.770,3347.363,325.240,1785.893,1483.746,265.323,231.530,451.079,131.019,620.992,334.839,844.280,0.000,3989.246,0.000,1573.049,2224.272,37.925,1055.838,0.000
421.393,1022.600,129.340,0.000,2041.355,1808.641,5306.272,1182.190,4316.335,1313.652,6798.347,1123.953,12177.771,375.216,355.052,624.358,0.000,472.638,185.295,373.331,23401.852,416.416,306.179,2069.819,1225.087,2858.864,61.629,460.180,379.045,1951.666,674.194,1420.587,343.505,692.437,2248.986,0.000,1890.195,1229.835,3244.460,110.378,1131.532,981.088,176.049,447.839,3706.408,0.000,1175.871,825.387,1365.548,4220.450,35371.594,104.431,534.360,109.184,249.866,3091.189,390.690,0.000,1513.657,1665.921,0.000,2475.900,902.374,473.149,720.134,3339.310,0.000,1438.384,5168.692,133902.027,1005.913,594.181,955.758,75.061,484.425,1305.097,2551.349,5161.543,0.000,2646.849,20059.500,14524.665,158.127,237.173,44.240,16594.638,1211.269,549.793,3632.242,4056.663,1658.861,10435.625,908.332,284.669,1286.780,190.131
0.000,934.202,166.162,0.000,0.000,1000.930,3963.132,786.528,188.083,222.709,1351.828,1033.870,193.351,291.505,8714.609,16220.319,22469.630,1220.373,27651.003,0.000,676.832,11969.264,24366.812,0.000,0.000,1277.467,2870.510,0.000,2281.007,31722.773,239.783,6249.998,219.982,2832.684,17443.017,439.769,714.130,11422.561,0.000,0.000,133.740,0.000,36760.552,257.421,3758.159,30318.333,0.000,825.638,3155.098,36.755,993.770,601.267,188.709,5955.814,7128.390,132.025,350.951,6901.200,706.919,1410.656,0.000,3575.222,540.008,510.641,829.957,1481.994,505.695,1350.499,1369.182,1178.558,161300.049,1574.182,0.000,0.000,1254.263,689.475,4674.845,803.768,5292.140,508.692,1575.116,2444.765,15723.894,443.762,0.000,90.028,497.611,1258.973,544.801,6701.332,300.538,0.000,235.301,2962.809,353.682,0.000
5273.075,810.735,0.000,2133.457,291.017,1462.767,2527.858,640.961,403.860,1650.100,0.000,867.072,0.000,1426.277,295.181,0.000,0.000,0.000,0.000,1828.781,963.842,0.000,0.000,532.672,1580.266,549.959,0.000,0.000,245.893,0.000,0.000,797.309,1295.939,5197.615,2108.670,0.000,138.688,654.334,153.597,0.000,433.083,576.740,0.000,148.552,1731.385,0.000,515.323,92.175,1220.674,0.000,0.000,0.000,7075.182,0.000,0.000,0.000,0.000,0.000,733.116,0.000,417.006,1402.116,0.000,500.903,0.000,821.292,0.000,1410.919,0.000,260.870,1574.182,77399.507,1205.024,0.000,0.000,19779.192,2128.218,1416.599,0.000,1274.374,0.000,0.000,0.000,0.000,4681.035,0.000,0.000,0.000,0.000,873.762,236.943,0.000,20211.062,0.000,0.000,0.000
1512.603,0.000,0.000,4781.531,317.757,944.836,504.559,1935.149,679.044,819.352,0.000,0.000,0.000,750.559,0.000,0.000,0.000,299.749,390.859,2113.262,0.000,0.000,0.000,2934.293,4359.221,1867.532,0.000,0.000,261.040,0.000,1167.833,861.351,14057.477,1580.750,2057.482,639.506,1312.165,391.579,291.597,0.000,0.000,0.000,0.000,610.279,114.050,620.647,187.096,461.740,1406.580,113.801,0.000,0.000,2373.715,72.136,271.841,343.051,3441.246,0.000,845.600,517.923,0.000,1173.227,517.923,0.000,0.000,1890.755,0.000,0.000,131.984,955.758,0.000,1205.024,123815.186,0.000,18487.592,35690.039,898.891,3472.957,0.000,7739.277,0.000,0.000,0.000,0.000,4860.196,0.000,0.000,0.000,504.026,3666.493,956.438,0.000,2266.202,0.000,0.000,677.855
705.255,0.000,0.000,1454.408,641.942,694.775,637.934,357.359,156.919,2811.790,0.000,337.774,0.000,0.000,34.644,337.774,0.000,1135.948,0.000,299.748,0.000,0.000,0.000,1022.072,1153.817,390.103,0.000,4357.572,0.000,0.000,191.972,232.089,1592.682,298.780,1264.685,7008.933,11492.571,337.774,0.000,274.627,0.000,0.000,0.000,15662.087,1749.501,245.870,881.589,0.000,153.867,0.000,31.264,0.000,821.627,0.000,0.000,0.000,1906.236,0.000,1268.702,0.000,0.000,581.096,0.000,1620.167,0.000,1351.533,0.000,0.000,825.984,485.838,0.000,0.000,0.000,77184.884,189.780,333.405,94.628,877.416,0.000,3668.052,0.000,333.405,110.906,15097.312,133.480,297.640,14671.182,0.000,836.884,1757.620,939.685,0.000,202.870,0.000,0.000,5983.062
0.000,0.000,0.000,1594.817,0.000,683.585,294.343,0.000,1885.860,1269.591,0.000,263.619,0.000,0.000,0.000,0.000,0.000,0.000,0.000,752.022,0.000,0.000,260.505,3787.117,1937.495,263.619,0.000,0.000,0.000,0.000,0.000,725.722,7763.290,286.804,1485.005,0.000,531.278,527.238,0.000,0.000,0.000,0.000,0.000,0.000,552.680,0.000,2585.757,0.000,1202.274,0.000,0.000,0.000,2346.296,0.000,0.000,0.000,238.458,0.000,247.356,0.000,0.000,263.619,0.000,0.000,0.000,0.000,0.000,0.000,0.000,484.425,1254.263,0.000,17857.286,189.780,117331.305,4299.098,0.000,3477.947,0.000,3025.625,0.000,0.000,0.000,695.983,1249.838,0.000,0.000,0.000,0.000,1199.105,683.585,0.000,1244.944,0.000,0.000,0.000
5497.094,841.219,0.000,13032.337,0.000,2509.523,1739.397,5005.476,273.243,1916.546,0.000,456.761,0.000,2335.209,609.969,0.000,0.000,286.621,0.000,2022.556,463.877,0.000,0.000,1974.756,1605.420,871.174,575.848,0.000,165.765,0.000,0.000,750.786,6385.872,5879.356,1195.313,857.751,706.776,0.000,0.000,0.000,268.064,427.037,0.000,0.000,1142.022,620.647,1980.435,498.583,3731.646,0.000,0.000,0.000,4143.642,0.000,0.000,621.397,2629.338,0.000,1153.671,935.828,0.000,330.654,0.000,0.000,0.000,1726.296,0.000,0.000,684.990,2220.300,689.475,18163.575,35104.704,333.405,4582.697,196220.081,544.860,3105.730,0.000,5913.342,0.000,0.000,0.000,0.000,15072.570,1009.950,0.000,359.735,582.335,6110.971,987.470,330.654,6335.707,0.000,0.000,633.551
1000.878,626.663,129.340,0.000,241.394,1354.051,4584.225,286.342,3148.829,19.687,0.000,1044.290,0.000,1572.145,3339.329,2723.821,924.078,45.664,561.075,0.000,651.947,7919.169,0.000,625.361,365.370,3119.086,19375.704,1264.031,522.081,3791.550,0.000,8927.292,313.531,4238.537,6566.052,1261.948,196.389,16468.334,0.000,371.709,131.510,1642.088,2319.318,0.000,7228.981,2680.594,897.272,817.154,6814.305,443.936,439.092,0.000,3019.809,810.146,296.611,22.028,0.000,1376.120,532.243,4057.493,0.000,4496.289,1124.195,473.149,679.730,4405.695,290.969,12440.348,2515.788,2151.687,4245.734,1419.152,75.451,94.628,0.000,291.640,124967.136,7480.893,102.378,2251.056,1470.770,710.111,0.000,1614.254,452.633,186.317,704.738,676.506,77.560,27889.619,551.787,0.000,459.220,1054.965,0.000,0.000
1784.284,523.129,0.000,1065.760,3033.947,2237.921,5016.514,2662.556,3247.395,6148.510,2007.539,2233.443,3408.462,2821.282,2375.487,1143.971,1785.106,2056.738,724.119,1094.100,2555.816,2997.446,77.395,1366.122,5898.086,4268.691,2826.704,664.668,40.814,4558.168,893.037,2348.012,1853.015,3111.679,1890.168,4565.484,2441.574,1187.824,1281.115,67.480,0.000,4433.969,4004.999,1521.709,4108.645,2178.303,3489.426,1275.914,15517.249,1296.372,1499.819,88.349,4803.888,497.825,706.874,732.538,2687.409,271.944,2354.157,2708.305,0.000,3116.873,4412.035,527.324,972.154,14754.557,1124.444,6549.660,4445.944,5038.262,1242.152,1304.423,1595.788,2172.034,3477.947,2036.645,6196.848,72444.944,105.591,6839.600,3385.956,3614.447,1655.960,979.402,1327.407,1404.196,1743.433,773.925,860.295,5785.767,720.527,1963.503,2417.863,2509.475,323.420,2978.051
0.000,0.000,0.000,674.710,0.000,85.724,0.000,0.000,26.360,362.867,0.000,472.745,0.000,0.000,562.336,3543.057,1012.678,0.000,1715.601,0.000,234.101,1949.608,13023.566,154.173,0.000,261.727,0.000,0.000,706.347,12240.384,0.000,915.768,0.000,61.247,2172.817,0.000,0.000,1421.189,0.000,0.000,0.000,0.000,5194.724,0.000,730.524,5979.654,0.000,105.591,149.423,0.000,0.000,96.119,42.305,119.897,2994.646,117.791,0.000,0.000,0.000,50.345,0.000,334.388,0.000,0.000,0.000,105.591,0.000,1637.799,325.240,859.717,8095.040,0.000,0.000,0.000,0.000,0.000,102.378,114.877,46947.626,0.000,0.000,151.711,1265.776,0.000,0.000,0.000,0.000,211.182,0.000,317.241,0.000,0.000,0.000,437.331,0.000,0.000
7956.895,66.943,2091.406,4714.410,8165.031,1895.988,2070.433,4996.285,260.290,3843.706,1448.520,1345.556,957.589,560.550,191.177,0.000,436.155,6626.428,0.000,22438.527,0.000,394.902,0.000,5136.105,9347.287,1931.847,658.302,6811.782,0.000,1377.641,2833.078,2032.818,5391.571,1506.119,2024.073,6618.103,6771.019,776.903,578.544,359.382,0.000,677.651,532.019,3217.570,1610.520,0.000,6729.683,900.203,2087.959,1460.016,1548.634,0.000,7105.447,676.132,0.000,137.892,3338.208,0.000,7462.466,1304.475,0.000,1736.217,438.574,2556.834,320.689,2068.474,281.777,329.369,1938.651,1973.682,508.692,2392.193,8549.468,3477.763,2256.020,5447.549,1686.466,4037.863,0.000,107624.602,2829.590,238.706,231.530,7047.779,11317.610,2587.222,4870.083,98.278,5310.871,2589.097,6624.424,1058.433,3651.946,812.384,0.000,4738.350
94.824,0.000,0.000,0.000,0.000,720.242,223.569,3951.020,2227.509,1921.715,471.386,150.838,332.572,0.000,0.000,882.051,882.051,443.825,1438.428,0.000,61.526,0.000,431.694,0.000,452.489,1491.667,477.602,0.000,1770.251,0.000,0.000,583.778,0.000,764.923,431.694,0.000,0.000,1475.915,25611.978,583.778,0.000,1220.406,0.000,0.000,837.195,0.000,170.014,0.000,1067.391,96.780,8861.958,0.000,1977.756,0.000,580.816,1168.180,0.000,0.000,0.000,1966.879,0.000,0.000,0.000,753.182,0.000,2037.591,0.000,0.000,2030.924,18913.408,1575.116,0.000,0.000,0.000,0.000,0.000,1470.770,3552.480,0.000,2829.590,217312.730,27838.964,0.000,0.000,0.000,1611.844,91.935,0.000,2577.216,1283.803,0.000,2946.202,241.372,0.000,241.372,0.000
0.000,740.760,0.000,601.365,0.000,1286.166,1064.118,166.166,1760.173,1020.628,1167.339,244.578,2112.050,187.310,753.076,0.000,0.000,372.148,0.000,0.000,3391.802,0.000,0.000,0.000,0.000,1649.766,0.000,224.868,978.753,0.000,618.466,713.924,0.000,346.144,1612.580,0.000,0.000,966.553,12656.350,0.000,498.308,312.177,0.000,0.000,2088.359,282.794,0.000,461.453,2172.532,258.194,4059.478,0.000,717.811,392.445,0.000,181.744,119.793,0.000,0.000,1575.880,0.000,663.115,0.000,0.000,0.000,3172.439,0.000,0.000,265.323,16101.026,1843.400,0.000,0.000,333.405,0.000,0.000,1311.476,4286.819,151.711,205.589,25767.923,78135.593,0.000,0.000,120.540,10936.137,222.114,242.946,3016.088,1603.761,1099.161,9620.933,0.000,151.711,659.727,1308.357
110.906,711.377,77.187,0.000,0.000,375.728,2572.353,0.000,77.187,702.844,274.407,2016.790,0.000,544.777,2251.187,3310.042,12672.078,497.027,8514.013,0.000,484.859,1007.121,590.006,248.514,611.673,1672.452,157.373,154.375,0.000,1086.184,0.000,3059.313,0.000,823.076,11909.904,94.502,0.000,817.568,0.000,0.000,108.618,0.000,1407.545,131.854,1848.340,11663.473,0.000,313.352,563.432,77.187,0.000,0.000,1328.785,14720.388,77.187,0.000,0.000,0.000,0.000,755.881,0.000,7340.095,0.000,274.407,342.541,1529.715,0.000,0.000,231.530,158.127,15327.331,0.000,0.000,110.906,0.000,0.000,0.000,1442.241,1269.177,231.530,0.000,0.000,132961.781,94.502,0.000,0.000,0.000,570.324,221.812,3554.128,0.000,0.000,0.000,14225.295,0.000,0.000
443.762,0.000,0.000,0.000,0.000,2274.572,371.780,1266.476,2114.941,3328.442,0.000,546.395,0.000,1959.629,0.000,0.000,0.000,1990.049,0.000,2001.592,0.000,0.000,0.000,1106.343,908.836,1084.713,0.000,447.105,0.000,0.000,1285.974,390.034,310.796,603.000,962.464,13877.335,4514.063,0.000,0.000,0.000,0.000,0.000,0.000,6375.796,1300.521,0.000,0.000,0.000,107.443,0.000,0.000,0.000,3230.924,0.000,0.000,0.000,2662.557,0.000,3224.679,784.906,0.000,0.000,0.000,0.000,0.000,1010.319,0.000,603.000,451.079,482.071,443.762,0.000,0.000,13692.438,695.983,0.000,1614.254,2645.892,0.000,6214.350,0.000,0.000,94.502,121081.406,0.000,0.000,6714.447,1693.984,719.963,0.000,404.477,0.000,443.762,0.000,0.000,7889.917
11514.437,398.298,0.000,8398.640,116.840,929.823,97.281,1662.891,2179.292,2240.659,0.000,0.000,0.000,0.000,0.000,0.000,0.000,357.378,0.000,9519.812,116.840,0.000,0.000,851.934,1268.062,1730.036,0.000,950.848,0.000,0.000,686.597,127.295,1009.224,0.000,1277.594,961.672,1841.667,568.440,169.721,0.000,0.000,537.102,0.000,501.411,1040.352,0.000,976.915,1450.390,110.516,0.000,269.601,0.000,3597.705,914.940,0.000,635.695,2325.075,0.000,1784.644,448.107,0.000,1656.041,0.000,302.705,0.000,1014.681,0.000,781.015,131.019,35.317,0.000,4251.882,5900.622,408.107,0.000,14552.728,338.296,1299.594,0.000,13126.604,0.000,0.000,0.000,0.000,78346.891,46.211,627.667,0.000,661.768,1215.679,2031.244,0.000,4982.912,0.000,0.000,190.131
921.791,0.000,0.000,431.195,0.000,1369.262,721.829,1854.860,627.577,551.155,163.453,775.177,297.521,432.599,557.486,0.000,0.000,1427.941,31.859,825.989,950.252,0.000,0.000,218.842,1993.274,3848.690,620.487,904.959,943.271,0.000,618.466,788.572,0.000,175.669,3792.166,0.000,289.410,1004.241,1170.999,31.750,295.224,755.237,298.365,620.992,332.507,336.347,0.000,151.999,587.590,272.918,993.481,0.000,106.088,187.930,0.000,1964.760,128.433,0.000,584.061,706.834,0.000,786.033,1292.947,0.000,645.974,601.684,319.824,0.000,0.000,18230.477,114.556,0.000,0.000,297.640,0.000,1009.950,164.923,1197.569,0.000,3860.306,1555.866,9580.433,0.000,0.000,0.000,44556.883,922.968,683.807,11473.097,160.503,0.000,11128.132,1300.421,82.650,453.484,0.000
368.459,101.103,0.000,160.129,4930.926,1734.889,1504.889,916.633,507.390,2447.207,798.574,172.425,0.000,273.484,0.000,185.203,0.000,2527.037,241.648,1401.423,0.000,0.000,0.000,998.702,489.099,1154.741,607.571,13135.934,0.000,0.000,478.115,369.255,338.129,501.960,919.413,6096.019,12807.652,341.990,0.000,0.000,0.000,0.000,0.000,5657.045,689.824,202.045,915.500,495.597,728.257,416.105,230.197,0.000,1962.158,73.173,0.000,0.000,1971.342,0.000,3751.971,97.380,0.000,585.741,222.114,7720.550,0.000,1422.984,0.000,0.000,334.839,1211.269,497.611,599.956,0.000,14859.200,0.000,0.000,410.433,2221.797,0.000,5335.169,91.935,222.114,0.000,7299.070,627.667,1156.874,92575.520,0.000,693.255,896.674,437.532,0.000,351.266,0.000,231.930,2322.525
49.971,5709.022,2944.343,465.876,0.000,2394.281,1180.011,257.021,377.394,150.566,649.247,1163.638,577.590,167.277,240.850,525.581,723.896,998.063,539.883,142.279,371.548,264.667,846.250,0.000,0.000,1790.662,0.000,0.000,3254.278,119.064,0.000,1141.920,0.000,842.686,2114.991,2670.132,23.110,351.603,540.588,2579.337,6281.687,2960.633,791.480,0.000,2155.523,1272.193,641.372,9638.457,1082.235,142.673,86.523,8.923,331.324,1191.942,1314.670,22.028,0.000,21.362,851.682,4816.660,2266.008,3598.297,5622.841,0.000,477.786,706.904,3799.132,0.000,795.191,527.359,1500.626,0.000,0.000,0.000,0.000,359.735,866.178,1132.650,211.182,193.668,0.000,242.946,591.685,1693.984,19.991,298.731,0.000,39310.372,0.000,1652.447,391.299,1035.533,346.867,500.454,1464.487,0.000
1734.958,0.000,0.000,293.644,1161.668,238.511,2833.144,7092.285,280.612,2810.051,806.012,312.705,0.000,484.420,0.000,0.000,0.000,2248.005,0.000,1109.208,968.983,680.625,0.000,297.310,449.873,1506.688,0.000,2393.850,1500.142,60.129,2193.904,210.307,970.257,344.350,396.434,972.964,1514.657,0.000,3691.628,0.000,295.224,584.339,477.302,0.000,1005.338,0.000,606.719,53.047,662.421,3178.041,977.206,0.000,520.499,67.292,0.000,1013.305,0.000,0.000,2371.687,779.544,0.000,966.159,1395.614,705.775,135.306,356.785,0.000,307.746,0.000,3764.102,520.273,0.000,1012.727,0.000,0.000,582.335,77.560,952.294,0.000,4713.532,3036.901,4230.429,221.812,482.790,661.768,9846.120,852.678,0.000,123617.239,582.661,1481.794,14567.858,21.800,29.724,0.000,289.400
515.916,1498.979,1560.817,732.815,899.905,2369.927,18864.156,598.265,1642.995,1329.831,2826.228,2143.331,1369.297,6419.864,3397.580,1812.433,2885.582,423.093,4025.843,209.781,1926.291,7448.159,3096.132,1564.996,2486.846,6990.861,5420.141,2173.178,3476.403,4238.020,1048.225,13519.347,462.486,13974.650,11150.761,1666.076,3198.549,15209.116,382.095,577.361,521.705,1061.405,3804.647,0.000,17364.606,7907.300,348.887,2190.300,20514.946,399.545,3959.233,96.119,2750.047,2012.278,2598.781,267.921,719.508,5159.971,1048.134,5001.154,540.811,5648.613,1106.885,0.000,1119.214,7173.563,2210.716,8698.207,4098.484,3147.935,7921.942,1360.234,3666.493,1306.655,1882.690,5214.629,28910.247,5179.730,238.817,2750.827,1164.537,1442.538,3721.684,46.976,629.375,135.975,1578.698,1754.284,577.044,144348.346,1116.590,523.579,4723.752,2090.549,562.276,1356.041
1267.440,124.099,0.000,871.951,12005.425,1354.337,357.931,226.027,882.905,968.076,0.000,120.725,0.000,0.000,0.000,0.000,193.342,654.255,0.000,11041.137,0.000,0.000,0.000,13363.632,4890.061,438.540,0.000,2865.271,0.000,0.000,0.000,239.157,1389.575,0.000,1399.415,640.323,4078.893,882.044,0.000,0.000,0.000,0.000,0.000,108.868,544.989,0.000,1796.627,0.000,877.079,0.000,0.000,0.000,3767.733,0.000,0.000,797.083,578.375,0.000,8449.033,473.689,0.000,568.465,336.212,1590.242,473.186,1615.249,0.000,127.121,0.000,1519.608,300.538,236.943,948.705,601.911,683.585,987.470,769.407,746.887,0.000,7535.260,0.000,601.365,0.000,371.780,745.981,0.000,730.161,391.299,1311.689,964.379,84605.693,233.540,679.128,0.000,0.000,825.069
0.000,0.000,0.000,0.000,0.000,1192.733,786.524,480.795,38.124,1945.737,0.000,0.000,0.000,0.000,0.000,0.000,0.000,729.519,0.000,0.000,0.000,523.579,0.000,296.120,397.504,3581.380,0.000,0.000,0.000,0.000,0.000,806.258,971.806,41.006,0.000,0.000,0.000,0.000,17545.538,0.000,0.000,99.894,0.000,0.000,0.000,0.000,0.000,0.000,5011.068,0.000,1899.724,0.000,56.469,1058.433,0.000,5273.127,0.000,0.000,1068.459,0.000,0.000,44.148,0.000,0.000,645.974,1035.533,0.000,172.574,786.524,10382.736,0.000,0.000,0.000,0.000,0.000,757.691,0.000,1963.503,0.000,1058.433,2950.892,9973.767,0.000,0.000,0.000,10936.824,0.000,1035.533,14480.268,545.712,1268.889,64181.293,0.000,0.000,0.000,1600.856
6892.897,23.756,0.000,1213.806,654.177,31.328,3232.212,2646.979,167.797,4645.853,0.000,1443.547,0.000,1401.002,213.824,316.966,0.000,0.000,0.000,3400.114,0.000,0.000,0.000,236.494,769.706,1256.241,716.021,751.918,341.380,0.000,0.000,980.392,3517.073,5116.893,781.746,1137.748,138.688,749.996,0.000,0.000,0.000,0.000,0.000,131.854,851.229,0.000,463.446,1125.411,3053.906,0.000,741.702,0.000,11862.704,0.000,0.000,212.993,813.939,0.000,0.000,0.000,878.921,423.460,0.000,0.000,234.777,1550.414,0.000,1405.251,2490.564,522.880,235.301,20576.582,1123.184,202.870,1751.077,6548.755,247.804,1431.561,0.000,2386.649,241.372,0.000,0.000,443.762,4558.022,1300.421,951.222,346.867,21.800,5456.693,679.128,0.000,102397.409,593.827,166.913,685.100
0.000,1361.860,1309.066,0.000,0.000,626.383,1359.829,493.821,105.433,383.061,602.361,15326.205,530.898,52.820,1008.384,882.351,6003.924,0.000,925.201,0.000,221.301,50.791,0.000,0.000,365.370,1504.298,0.000,0.000,394.283,2017.755,562.467,1964.845,0.000,407.345,9132.950,0.000,27.321,919.116,0.000,48.112,238.723,0.000,1115.060,0.000,6698.508,1303.602,0.000,1691.690,1859.868,134.545,0.000,0.000,155.572,14860.262,657.335,18.109,0.000,0.000,868.228,466.617,0.000,7131.976,0.000,0.000,10247.993,2300.145,3853.920,1010.406,88.704,284.669,3819.035,0.000,0.000,0.000,0.000,0.000,1108.159,1747.142,437.331,1010.508,0.000,151.711,14440.135,0.000,31.859,0.000,0.000,472.375,29.724,1703.317,0.000,0.000,593.827,77952.892,0.000,0.000
0.000,765.258,1183.275,0.000,0.000,3002.774,914.783,18.488,284.105,205.517,506.982,0.000,238.990,0.000,0.000,0.000,0.000,0.000,0.000,0.000,965.424,0.000,0.000,434.041,0.000,1051.932,0.000,685.796,749.964,335.901,0.000,213.439,0.000,0.000,769.588,0.000,0.000,108.673,0.000,6011.013,376.745,2214.577,0.000,0.000,763.265,0.000,0.000,9550.715,1409.503,304.996,477.980,0.000,238.990,0.000,0.000,0.000,0.000,0.000,0.000,1427.881,1342.302,553.553,14129.453,0.000,0.000,181.593,850.636,0.000,966.289,1286.780,335.901,195.614,0.000,0.000,0.000,0.000,0.000,36.849,0.000,0.000,241.372,659.727,0.000,0.000,0.000,286.571,231.930,1835.545,0.000,562.276,0.000,0.000,166.913,253.519,72732.284,0.000
992.476,0.000,0.000,0.000,2330.653,1338.465,1106.625,1706.912,324.177,825.069,646.699,0.000,0.000,1611.623,190.131,0.000,0.000,769.071,0.000,853.305,0.000,0.000,0.000,206.853,2403.641,1314.888,190.131,629.678,0.000,0.000,8132.349,1106.957,165.031,0.000,799.401,2306.178,7147.570,190.131,0.000,0.000,0.000,0.000,0.000,1220.142,1369.794,0.000,4721.930,1669.258,569.683,0.000,0.000,0.000,1815.819,758.372,0.000,857.086,3220.211,0.000,2840.602,234.104,0.000,948.503,428.771,971.093,0.000,2170.568,0.000,0.000,0.000,343.081,0.000,0.000,677.855,5195.178,0.000,633.551,0.000,3528.036,0.000,5150.317,0.000,1308.357,0.000,7089.148,190.131,0.000,2094.049,0.000,289.400,1153.602,825.069,1600.856,960.920,562.467,0.000,129962.263