Distritos SP;Ano;trimestre;total_de_profissionais;avg_teleworkable_score;weighted_avg_teleworkable_score
A ALVIM;2018;1;3684;0.335;0.267
A ALVIM;2018;2;3530;0.28;0.285
A ALVIM;2018;3;3280;0.327;0.362
A ALVIM;2018;4;3723;0.335;0.327
A ALVIM;2019;1;3584;0.288;0.315
A ALVIM;2019;2;3193;0.346;0.346
A ALVIM;2019;3;3154;0.323;0.34
A ALVIM;2019;4;3580;0.37;0.382
A ALVIM;2020;1;3000;0.279;0.336
A ALVIM;2020;2;2956;0.318;0.335
A ALVIM;2020;3;2658;0.316;0.359
A ALVIM;2020;4;3045;0.358;0.392
A ALVIM;2021;1;3324;0.239;0.266
A ALVIM;2021;2;3029;0.285;0.316
A ALVIM;2021;3;3264;0.329;0.375
A ALVIM;2021;4;3376;0.332;0.39
A RASA;2018;1;23936;0.326;0.24
A RASA;2018;2;24804;0.336;0.279
A RASA;2018;3;22695;0.359;0.326
A RASA;2018;4;26798;0.359;0.28
A RASA;2019;1;24612;0.293;0.31
A RASA;2019;2;21272;0.326;0.318
A RASA;2019;3;22417;0.338;0.318
A RASA;2019;4;24092;0.336;0.354
A RASA;2020;1;23339;0.277;0.28
A RASA;2020;2;20139;0.318;0.293
A RASA;2020;3;20812;0.321;0.285
A RASA;2020;4;22826;0.312;0.319
A RASA;2021;1;24200;0.254;0.204
A RASA;2021;2;23836;0.284;0.269
A RASA;2021;3;21217;0.292;0.324
A RASA;2021;4;24115;0.349;0.302
ANHANGUERA;2018;1;1367;0.326;0.347
ANHANGUERA;2018;2;1414;0.344;0.411
ANHANGUERA;2018;3;1221;0.342;0.405
ANHANGUERA;2018;4;1377;0.341;0.389
ANHANGUERA;2019;1;1631;0.372;0.393
ANHANGUERA;2019;2;1736;0.36;0.35
ANHANGUERA;2019;3;1632;0.405;0.366
ANHANGUERA;2019;4;1690;0.401;0.451
ANHANGUERA;2020;1;1290;0.349;0.426
ANHANGUERA;2020;2;1308;0.396;0.402
ANHANGUERA;2020;3;1297;0.414;0.406
ANHANGUERA;2020;4;1321;0.363;0.482
ANHANGUERA;2021;1;1651;0.299;0.321
ANHANGUERA;2021;2;1395;0.371;0.414
ANHANGUERA;2021;3;1378;0.365;0.446
ANHANGUERA;2021;4;1654;0.407;0.394
ARICANDUVA;2018;1;19241;0.288;0.132
ARICANDUVA;2018;2;19723;0.302;0.188
ARICANDUVA;2018;3;18557;0.308;0.178
ARICANDUVA;2018;4;20580;0.298;0.143
ARICANDUVA;2019;1;14502;0.256;0.192
ARICANDUVA;2019;2;10079;0.326;0.283
ARICANDUVA;2019;3;13266;0.304;0.217
ARICANDUVA;2019;4;13956;0.332;0.252
ARICANDUVA;2020;1;16094;0.286;0.191
ARICANDUVA;2020;2;11017;0.315;0.286
ARICANDUVA;2020;3;14757;0.328;0.216
ARICANDUVA;2020;4;15608;0.354;0.258
ARICANDUVA;2021;1;17920;0.276;0.172
ARICANDUVA;2021;2;16643;0.307;0.244
ARICANDUVA;2021;3;17502;0.318;0.246
ARICANDUVA;2021;4;17199;0.349;0.247
AT PINHEIRO;2018;1;8530;0.38;0.397
AT PINHEIRO;2018;2;8919;0.412;0.444
AT PINHEIRO;2018;3;7893;0.387;0.445
AT PINHEIRO;2018;4;9529;0.377;0.396
AT PINHEIRO;2019;1;8116;0.342;0.431
AT PINHEIRO;2019;2;8220;0.384;0.414
AT PINHEIRO;2019;3;7939;0.399;0.426
AT PINHEIRO;2019;4;8644;0.383;0.483
AT PINHEIRO;2020;1;7305;0.344;0.408
AT PINHEIRO;2020;2;7362;0.385;0.392
AT PINHEIRO;2020;3;7009;0.405;0.41
AT PINHEIRO;2020;4;7834;0.409;0.467
AT PINHEIRO;2021;1;8315;0.333;0.444
AT PINHEIRO;2021;2;8942;0.353;0.46
AT PINHEIRO;2021;3;8043;0.368;0.498
AT PINHEIRO;2021;4;8298;0.383;0.502
B FUNDA;2018;1;34629;0.346;0.412
B FUNDA;2018;2;36932;0.371;0.497
B FUNDA;2018;3;33821;0.347;0.45
B FUNDA;2018;4;37665;0.362;0.406
B FUNDA;2019;1;44142;0.299;0.419
B FUNDA;2019;2;38862;0.353;0.499
B FUNDA;2019;3;42432;0.336;0.428
B FUNDA;2019;4;45310;0.363;0.461
B FUNDA;2020;1;52872;0.286;0.381
B FUNDA;2020;2;45933;0.336;0.466
B FUNDA;2020;3;50152;0.321;0.384
B FUNDA;2020;4;52765;0.354;0.401
B FUNDA;2021;1;46909;0.366;0.377
B FUNDA;2021;2;50850;0.394;0.396
B FUNDA;2021;3;45721;0.421;0.477
B FUNDA;2021;4;49485;0.416;0.462
B RETIRO;2018;1;37978;0.315;0.345
B RETIRO;2018;2;38204;0.355;0.441
B RETIRO;2018;3;36309;0.33;0.398
B RETIRO;2018;4;41982;0.33;0.361
B RETIRO;2019;1;37283;0.295;0.384
B RETIRO;2019;2;33219;0.354;0.436
B RETIRO;2019;3;35511;0.328;0.368
B RETIRO;2019;4;38978;0.348;0.425
B RETIRO;2020;1;33969;0.32;0.388
B RETIRO;2020;2;30176;0.361;0.438
B RETIRO;2020;3;32352;0.355;0.372
B RETIRO;2020;4;35723;0.373;0.433
B RETIRO;2021;1;32176;0.377;0.405
B RETIRO;2021;2;33056;0.394;0.452
B RETIRO;2021;3;34377;0.419;0.473
B RETIRO;2021;4;34280;0.422;0.473
B VISTA;2018;1;102800;0.407;0.33
B VISTA;2018;2;116864;0.402;0.352
B VISTA;2018;3;92587;0.407;0.365
B VISTA;2018;4;109174;0.406;0.326
B VISTA;2019;1;94299;0.342;0.357
B VISTA;2019;2;100073;0.435;0.34
B VISTA;2019;3;91803;0.404;0.367
B VISTA;2019;4;97169;0.379;0.408
B VISTA;2020;1;87710;0.345;0.383
B VISTA;2020;2;92137;0.415;0.363
B VISTA;2020;3;85576;0.406;0.39
B VISTA;2020;4;88429;0.389;0.453
B VISTA;2021;1;96024;0.352;0.352
B VISTA;2021;2;90652;0.391;0.403
B VISTA;2021;3;62149;0.42;0.625
B VISTA;2021;4;88890;0.419;0.445
BELEM;2018;1;38996;0.393;0.268
BELEM;2018;2;42997;0.396;0.317
BELEM;2018;3;36248;0.408;0.298
BELEM;2018;4;42372;0.402;0.26
BELEM;2019;1;32337;0.345;0.312
BELEM;2019;2;30001;0.404;0.337
BELEM;2019;3;31060;0.398;0.322
BELEM;2019;4;33941;0.398;0.386
BELEM;2020;1;32207;0.339;0.306
BELEM;2020;2;29520;0.414;0.322
BELEM;2020;3;30323;0.411;0.322
BELEM;2020;4;32871;0.396;0.377
BELEM;2021;1;38291;0.356;0.315
BELEM;2021;2;38453;0.4;0.343
BELEM;2021;3;29618;0.446;0.477
BELEM;2021;4;37436;0.425;0.377
BRAS;2018;1;34882;0.326;0.279
BRAS;2018;2;30441;0.352;0.324
BRAS;2018;3;32859;0.343;0.396
BRAS;2018;4;37173;0.352;0.347
BRAS;2019;1;35358;0.287;0.351
BRAS;2019;2;30572;0.325;0.404
BRAS;2019;3;33463;0.349;0.388
BRAS;2019;4;35111;0.354;0.391
BRAS;2020;1;32866;0.294;0.336
BRAS;2020;2;27926;0.323;0.394
BRAS;2020;3;30874;0.353;0.377
BRAS;2020;4;32338;0.357;0.375
BRAS;2021;1;28674;0.309;0.225
BRAS;2021;2;28776;0.32;0.296
BRAS;2021;3;33271;0.352;0.339
BRAS;2021;4;33871;0.37;0.383
BRASILANDIA;2018;1;5597;0.337;0.294
BRASILANDIA;2018;2;5599;0.335;0.309
BRASILANDIA;2018;3;5170;0.358;0.363
BRASILANDIA;2018;4;5622;0.342;0.33
BRASILANDIA;2019;1;5462;0.328;0.308
BRASILANDIA;2019;2;5380;0.349;0.311
BRASILANDIA;2019;3;5443;0.327;0.303
BRASILANDIA;2019;4;5701;0.364;0.36
BRASILANDIA;2020;1;5232;0.296;0.295
BRASILANDIA;2020;2;5297;0.339;0.289
BRASILANDIA;2020;3;5092;0.307;0.294
BRASILANDIA;2020;4;5395;0.334;0.341
BRASILANDIA;2021;1;6336;0.332;0.25
BRASILANDIA;2021;2;5707;0.325;0.305
BRASILANDIA;2021;3;5860;0.354;0.347
BRASILANDIA;2021;4;5911;0.4;0.353
BUTANTA;2018;1;28684;0.363;0.281
BUTANTA;2018;2;29852;0.39;0.35
BUTANTA;2018;3;27066;0.382;0.318
BUTANTA;2018;4;31313;0.394;0.292
BUTANTA;2019;1;31835;0.307;0.278
BUTANTA;2019;2;30443;0.348;0.29
BUTANTA;2019;3;30291;0.357;0.295
BUTANTA;2019;4;32987;0.357;0.339
BUTANTA;2020;1;30629;0.302;0.289
BUTANTA;2020;2;28579;0.317;0.309
BUTANTA;2020;3;29132;0.354;0.308
BUTANTA;2020;4;31396;0.338;0.355
BUTANTA;2021;1;28184;0.281;0.307
BUTANTA;2021;2;29853;0.304;0.337
BUTANTA;2021;3;24645;0.351;0.416
BUTANTA;2021;4;29004;0.348;0.365
C ADEMAR;2018;1;14864;0.297;0.22
C ADEMAR;2018;2;14807;0.307;0.267
C ADEMAR;2018;3;13443;0.319;0.302
C ADEMAR;2018;4;15094;0.342;0.265
C ADEMAR;2019;1;17343;0.258;0.354
C ADEMAR;2019;2;15008;0.303;0.409
C ADEMAR;2019;3;15543;0.305;0.392
C ADEMAR;2019;4;16736;0.318;0.417
C ADEMAR;2020;1;17552;0.274;0.368
C ADEMAR;2020;2;15000;0.308;0.429
C ADEMAR;2020;3;15776;0.307;0.408
C ADEMAR;2020;4;16909;0.326;0.43
C ADEMAR;2021;1;19890;0.282;0.341
C ADEMAR;2021;2;17634;0.318;0.413
C ADEMAR;2021;3;18224;0.342;0.439
C ADEMAR;2021;4;19423;0.366;0.402
C DUTRA;2018;1;18950;0.325;0.301
C DUTRA;2018;2;18171;0.316;0.342
C DUTRA;2018;3;17537;0.334;0.395
C DUTRA;2018;4;19634;0.359;0.35
C DUTRA;2019;1;17687;0.276;0.332
C DUTRA;2019;2;15498;0.307;0.355
C DUTRA;2019;3;16959;0.308;0.34
C DUTRA;2019;4;17842;0.321;0.377
C DUTRA;2020;1;16346;0.287;0.319
C DUTRA;2020;2;14051;0.337;0.343
C DUTRA;2020;3;15511;0.353;0.332
C DUTRA;2020;4;16308;0.344;0.373
C DUTRA;2021;1;17140;0.265;0.265
C DUTRA;2021;2;16528;0.309;0.315
C DUTRA;2021;3;17142;0.301;0.363
C DUTRA;2021;4;17178;0.329;0.363
C LIDER;2018;1;7646;0.305;0.193
C LIDER;2018;2;7508;0.296;0.25
C LIDER;2018;3;7056;0.33;0.274
C LIDER;2018;4;7582;0.322;0.238
C LIDER;2019;1;6318;0.31;0.243
C LIDER;2019;2;4974;0.348;0.31
C LIDER;2019;3;5840;0.353;0.256
C LIDER;2019;4;6291;0.348;0.32
C LIDER;2020;1;6258;0.295;0.245
C LIDER;2020;2;4859;0.366;0.318
C LIDER;2020;3;5404;0.364;0.274
C LIDER;2020;4;6102;0.36;0.327
C LIDER;2021;1;7298;0.269;0.202
C LIDER;2021;2;6671;0.305;0.262
C LIDER;2021;3;7389;0.333;0.296
C LIDER;2021;4;7330;0.371;0.315
C REDONDO;2018;1;7605;0.28;0.277
C REDONDO;2018;2;7557;0.299;0.321
C REDONDO;2018;3;7318;0.31;0.309
C REDONDO;2018;4;8504;0.316;0.28
C REDONDO;2019;1;7979;0.248;0.272
C REDONDO;2019;2;6820;0.32;0.305
C REDONDO;2019;3;6471;0.287;0.328
C REDONDO;2019;4;7192;0.294;0.39
C REDONDO;2020;1;8101;0.266;0.253
C REDONDO;2020;2;6950;0.307;0.283
C REDONDO;2020;3;6548;0.286;0.304
C REDONDO;2020;4;7269;0.318;0.357
C REDONDO;2021;1;8823;0.262;0.283
C REDONDO;2021;2;8485;0.311;0.318
C REDONDO;2021;3;8277;0.332;0.37
C REDONDO;2021;4;8418;0.317;0.368
C TIRADENTE;2018;1;16906;0.28;0.199
C TIRADENTE;2018;2;17775;0.302;0.339
C TIRADENTE;2018;3;17758;0.335;0.334
C TIRADENTE;2018;4;18280;0.297;0.282
C TIRADENTE;2019;1;19870;0.248;0.165
C TIRADENTE;2019;2;13980;0.323;0.207
C TIRADENTE;2019;3;19834;0.283;0.303
C TIRADENTE;2019;4;21549;0.333;0.384
C TIRADENTE;2020;1;2984;0.26;0.22
C TIRADENTE;2020;2;3436;0.317;0.189
C TIRADENTE;2020;3;2902;0.306;0.223
C TIRADENTE;2020;4;3121;0.341;0.279
C TIRADENTE;2021;1;4097;0.287;0.193
C TIRADENTE;2021;2;3774;0.34;0.256
C TIRADENTE;2021;3;2544;0.396;0.426
C TIRADENTE;2021;4;3408;0.331;0.287
C VERDE;2018;1;27398;0.342;0.35
C VERDE;2018;2;28391;0.354;0.449
C VERDE;2018;3;27269;0.349;0.426
C VERDE;2018;4;29351;0.349;0.387
C VERDE;2019;1;27633;0.27;0.296
C VERDE;2019;2;21693;0.318;0.37
C VERDE;2019;3;26676;0.339;0.365
C VERDE;2019;4;28359;0.342;0.42
C VERDE;2020;1;27645;0.285;0.317
C VERDE;2020;2;21948;0.33;0.388
C VERDE;2020;3;26615;0.357;0.386
C VERDE;2020;4;28551;0.362;0.441
C VERDE;2021;1;27383;0.29;0.349
C VERDE;2021;2;28753;0.321;0.38
C VERDE;2021;3;27180;0.343;0.474
C VERDE;2021;4;28316;0.341;0.442
CAMBUCI;2018;1;33237;0.396;0.324
CAMBUCI;2018;2;36384;0.396;0.372
CAMBUCI;2018;3;32735;0.406;0.365
CAMBUCI;2018;4;26303;0.414;0.294
CAMBUCI;2019;1;21970;0.333;0.328
CAMBUCI;2019;2;19640;0.405;0.355
CAMBUCI;2019;3;21295;0.381;0.326
CAMBUCI;2019;4;22329;0.401;0.373
CAMBUCI;2020;1;20663;0.336;0.33
CAMBUCI;2020;2;18806;0.398;0.347
CAMBUCI;2020;3;20117;0.398;0.326
CAMBUCI;2020;4;20752;0.406;0.368
CAMBUCI;2021;1;31939;0.372;0.301
CAMBUCI;2021;2;21953;0.404;0.36
CAMBUCI;2021;3;19552;0.417;0.427
CAMBUCI;2021;4;31329;0.429;0.395
CANGAIBA;2018;1;12651;0.3;0.194
CANGAIBA;2018;2;12284;0.314;0.233
CANGAIBA;2018;3;11855;0.322;0.271
CANGAIBA;2018;4;13052;0.305;0.225
CANGAIBA;2019;1;10409;0.265;0.242
CANGAIBA;2019;2;7264;0.326;0.339
CANGAIBA;2019;3;9533;0.313;0.259
CANGAIBA;2019;4;10044;0.281;0.273
CANGAIBA;2020;1;9874;0.262;0.229
CANGAIBA;2020;2;6878;0.364;0.321
CANGAIBA;2020;3;9012;0.335;0.248
CANGAIBA;2020;4;9519;0.298;0.261
CANGAIBA;2021;1;10240;0.276;0.16
CANGAIBA;2021;2;9256;0.297;0.205
CANGAIBA;2021;3;10561;0.313;0.237
CANGAIBA;2021;4;10144;0.369;0.273
CARRAO;2018;1;13427;0.294;0.219
CARRAO;2018;2;13717;0.304;0.285
CARRAO;2018;3;12174;0.332;0.29
CARRAO;2018;4;14175;0.321;0.248
CARRAO;2019;1;13353;0.276;0.245
CARRAO;2019;2;10734;0.338;0.306
CARRAO;2019;3;12018;0.326;0.259
CARRAO;2019;4;13171;0.327;0.323
CARRAO;2020;1;12907;0.267;0.255
CARRAO;2020;2;10110;0.335;0.326
CARRAO;2020;3;11527;0.334;0.27
CARRAO;2020;4;12767;0.336;0.338
CARRAO;2021;1;15173;0.265;0.239
CARRAO;2021;2;16532;0.294;0.253
CARRAO;2021;3;14046;0.316;0.341
CARRAO;2021;4;15012;0.338;0.327
CONSOLACAO;2018;1;84161;0.397;0.282
CONSOLACAO;2018;2;98810;0.42;0.34
CONSOLACAO;2018;3;77391;0.411;0.33
CONSOLACAO;2018;4;91190;0.399;0.277
CONSOLACAO;2019;1;77474;0.338;0.311
CONSOLACAO;2019;2;79910;0.386;0.307
CONSOLACAO;2019;3;77713;0.406;0.324
CONSOLACAO;2019;4;85238;0.373;0.405
CONSOLACAO;2020;1;76740;0.35;0.298
CONSOLACAO;2020;2;78664;0.398;0.299
CONSOLACAO;2020;3;77038;0.404;0.315
CONSOLACAO;2020;4;83759;0.399;0.387
CONSOLACAO;2021;1;85813;0.366;0.326
CONSOLACAO;2021;2;94172;0.376;0.307
CONSOLACAO;2021;3;54197;0.42;0.608
CONSOLACAO;2021;4;85082;0.425;0.354
CPO BELO;2018;1;21453;0.32;0.35
CPO BELO;2018;2;24704;0.334;0.396
CPO BELO;2018;3;20032;0.332;0.399
CPO BELO;2018;4;26226;0.331;0.305
CPO BELO;2019;1;22090;0.293;0.323
CPO BELO;2019;2;19622;0.361;0.385
CPO BELO;2019;3;19301;0.368;0.379
CPO BELO;2019;4;21006;0.365;0.432
CPO BELO;2020;1;21741;0.298;0.316
CPO BELO;2020;2;19308;0.357;0.376
CPO BELO;2020;3;18934;0.38;0.37
CPO BELO;2020;4;20875;0.384;0.423
CPO BELO;2021;1;21173;0.319;0.358
CPO BELO;2021;2;23646;0.341;0.374
CPO BELO;2021;3;21058;0.366;0.453
CPO BELO;2021;4;22128;0.381;0.43
CPO GRANDE;2018;1;23349;0.34;0.229
CPO GRANDE;2018;2;24190;0.343;0.29
CPO GRANDE;2018;3;22113;0.33;0.277
CPO GRANDE;2018;4;25272;0.352;0.236
CPO GRANDE;2019;1;25377;0.248;0.239
CPO GRANDE;2019;2;17933;0.303;0.349
CPO GRANDE;2019;3;23499;0.311;0.263
CPO GRANDE;2019;4;24664;0.296;0.296
CPO GRANDE;2020;1;25600;0.244;0.231
CPO GRANDE;2020;2;17509;0.293;0.347
CPO GRANDE;2020;3;23402;0.301;0.256
CPO GRANDE;2020;4;24984;0.315;0.286
CPO GRANDE;2021;1;25572;0.287;0.218
CPO GRANDE;2021;2;25000;0.303;0.256
CPO GRANDE;2021;3;24301;0.332;0.29
CPO GRANDE;2021;4;24692;0.354;0.281
CPO LIMPO;2018;1;10450;0.328;0.298
CPO LIMPO;2018;2;10273;0.326;0.333
CPO LIMPO;2018;3;9116;0.351;0.384
CPO LIMPO;2018;4;10416;0.376;0.352
CPO LIMPO;2019;1;10293;0.278;0.32
CPO LIMPO;2019;2;9609;0.322;0.321
CPO LIMPO;2019;3;9250;0.315;0.342
CPO LIMPO;2019;4;10012;0.336;0.405
CPO LIMPO;2020;1;9442;0.259;0.302
CPO LIMPO;2020;2;8761;0.314;0.305
CPO LIMPO;2020;3;8444;0.301;0.322
CPO LIMPO;2020;4;9145;0.321;0.381
CPO LIMPO;2021;1;9847;0.27;0.242
CPO LIMPO;2021;2;8816;0.331;0.306
CPO LIMPO;2021;3;8761;0.334;0.367
CPO LIMPO;2021;4;9253;0.353;0.353
CURSINO;2018;1;21944;0.34;0.311
CURSINO;2018;2;22028;0.309;0.355
CURSINO;2018;3;20471;0.32;0.396
CURSINO;2018;4;23215;0.348;0.346
CURSINO;2019;1;21237;0.29;0.339
CURSINO;2019;2;19522;0.328;0.362
CURSINO;2019;3;19606;0.336;0.356
CURSINO;2019;4;22249;0.337;0.392
CURSINO;2020;1;20637;0.27;0.34
CURSINO;2020;2;19141;0.343;0.354
CURSINO;2020;3;19162;0.318;0.349
CURSINO;2020;4;21639;0.321;0.387
CURSINO;2021;1;22676;0.288;0.314
CURSINO;2021;2;23152;0.312;0.338
CURSINO;2021;3;20552;0.342;0.436
CURSINO;2021;4;23379;0.354;0.404
E MATARAZZO;2018;1;20755;0.321;0.515
E MATARAZZO;2018;2;14990;0.325;0.393
E MATARAZZO;2018;3;14164;0.347;0.428
E MATARAZZO;2018;4;21251;0.339;0.409
E MATARAZZO;2019;1;15492;0.27;0.394
E MATARAZZO;2019;2;14431;0.355;0.437
E MATARAZZO;2019;3;14682;0.317;0.422
E MATARAZZO;2019;4;15735;0.346;0.432
E MATARAZZO;2020;1;19846;0.284;0.434
E MATARAZZO;2020;2;17693;0.366;0.483
E MATARAZZO;2020;3;18700;0.33;0.456
E MATARAZZO;2020;4;21607;0.362;0.529
E MATARAZZO;2021;1;26433;0.354;0.479
E MATARAZZO;2021;2;26347;0.377;0.531
E MATARAZZO;2021;3;25242;0.419;0.563
E MATARAZZO;2021;4;27712;0.429;0.55
FREGUESIA D;2018;1;12516;0.305;0.29
FREGUESIA D;2018;2;13096;0.331;0.369
FREGUESIA D;2018;3;11437;0.311;0.349
FREGUESIA D;2018;4;14767;0.332;0.276
FREGUESIA D;2019;1;12876;0.267;0.265
FREGUESIA D;2019;2;9822;0.305;0.331
FREGUESIA D;2019;3;11389;0.322;0.296
FREGUESIA D;2019;4;13113;0.33;0.374
FREGUESIA D;2020;1;13308;0.271;0.235
FREGUESIA D;2020;2;11542;0.297;0.255
FREGUESIA D;2020;3;12241;0.325;0.252
FREGUESIA D;2020;4;13480;0.32;0.316
FREGUESIA D;2021;1;15420;0.27;0.208
FREGUESIA D;2021;2;15100;0.279;0.252
FREGUESIA D;2021;3;12832;0.326;0.33
FREGUESIA D;2021;4;14689;0.321;0.276
GRAJAU;2018;1;11082;0.305;0.2
GRAJAU;2018;2;10955;0.298;0.227
GRAJAU;2018;3;9298;0.314;0.281
GRAJAU;2018;4;11062;0.312;0.237
GRAJAU;2019;1;10560;0.264;0.232
GRAJAU;2019;2;8059;0.333;0.286
GRAJAU;2019;3;9052;0.296;0.263
GRAJAU;2019;4;10383;0.307;0.281
GRAJAU;2020;1;10530;0.304;0.221
GRAJAU;2020;2;7855;0.326;0.278
GRAJAU;2020;3;8873;0.312;0.255
GRAJAU;2020;4;10344;0.359;0.263
GRAJAU;2021;1;11015;0.248;0.151
GRAJAU;2021;2;9927;0.278;0.197
GRAJAU;2021;3;9017;0.287;0.28
GRAJAU;2021;4;9624;0.321;0.282
GUAIANAZES;2018;1;4776;0.318;0.297
GUAIANAZES;2018;2;4450;0.344;0.314
GUAIANAZES;2018;3;4055;0.384;0.431
GUAIANAZES;2018;4;4461;0.34;0.39
GUAIANAZES;2019;1;4607;0.269;0.382
GUAIANAZES;2019;2;4569;0.365;0.4
GUAIANAZES;2019;3;4196;0.332;0.406
GUAIANAZES;2019;4;4747;0.328;0.44
GUAIANAZES;2020;1;4220;0.268;0.377
GUAIANAZES;2020;2;4092;0.354;0.393
GUAIANAZES;2020;3;3779;0.314;0.402
GUAIANAZES;2020;4;4340;0.319;0.435
GUAIANAZES;2021;1;4491;0.296;0.308
GUAIANAZES;2021;2;4112;0.353;0.36
GUAIANAZES;2021;3;4320;0.395;0.433
GUAIANAZES;2021;4;4306;0.351;0.456
IGUATEMI;2018;1;2599;0.279;0.164
IGUATEMI;2018;2;2685;0.31;0.212
IGUATEMI;2018;3;2580;0.316;0.236
IGUATEMI;2018;4;2857;0.294;0.189
IGUATEMI;2019;1;2772;0.203;0.197
IGUATEMI;2019;2;2001;0.255;0.285
IGUATEMI;2019;3;2526;0.196;0.214
IGUATEMI;2019;4;2665;0.24;0.235
IGUATEMI;2020;1;3056;0.247;0.191
IGUATEMI;2020;2;2171;0.298;0.284
IGUATEMI;2020;3;2778;0.265;0.212
IGUATEMI;2020;4;2939;0.298;0.233
IGUATEMI;2021;1;3597;0.221;0.149
IGUATEMI;2021;2;3227;0.335;0.203
IGUATEMI;2021;3;3584;0.331;0.214
IGUATEMI;2021;4;3475;0.319;0.229
IPIRANGA;2018;1;50034;0.3;0.232
IPIRANGA;2018;2;53857;0.307;0.292
IPIRANGA;2018;3;46416;0.3;0.28
IPIRANGA;2018;4;54202;0.311;0.232
IPIRANGA;2019;1;50121;0.267;0.261
IPIRANGA;2019;2;43245;0.312;0.306
IPIRANGA;2019;3;48182;0.301;0.269
IPIRANGA;2019;4;50637;0.318;0.326
IPIRANGA;2020;1;49730;0.27;0.248
IPIRANGA;2020;2;42704;0.314;0.292
IPIRANGA;2020;3;47661;0.327;0.255
IPIRANGA;2020;4;50231;0.324;0.313
IPIRANGA;2021;1;53764;0.274;0.247
IPIRANGA;2021;2;52222;0.305;0.293
IPIRANGA;2021;3;47024;0.34;0.355
IPIRANGA;2021;4;51233;0.358;0.319
ITAIM BIBI;2018;1;172718;0.387;0.49
ITAIM BIBI;2018;2;184929;0.391;0.551
ITAIM BIBI;2018;3;171077;0.38;0.498
ITAIM BIBI;2018;4;188571;0.391;0.46
ITAIM BIBI;2019;1;195131;0.281;0.488
ITAIM BIBI;2019;2;183990;0.336;0.524
ITAIM BIBI;2019;3;183349;0.337;0.543
ITAIM BIBI;2019;4;203326;0.329;0.548
ITAIM BIBI;2020;1;198642;0.284;0.494
ITAIM BIBI;2020;2;186648;0.329;0.535
ITAIM BIBI;2020;3;186752;0.334;0.549
ITAIM BIBI;2020;4;206672;0.335;0.547
ITAIM BIBI;2021;1;197594;0.347;0.52
ITAIM BIBI;2021;2;212450;0.372;0.53
ITAIM BIBI;2021;3;195617;0.4;0.572
ITAIM BIBI;2021;4;226982;0.412;0.544
ITAIM PAULI;2018;1;9484;0.297;0.27
ITAIM PAULI;2018;2;9176;0.347;0.318
ITAIM PAULI;2018;3;7345;0.338;0.384
ITAIM PAULI;2018;4;8674;0.316;0.336
ITAIM PAULI;2019;1;8029;0.271;0.331
ITAIM PAULI;2019;2;7689;0.332;0.318
ITAIM PAULI;2019;3;7627;0.291;0.33
ITAIM PAULI;2019;4;8335;0.351;0.411
ITAIM PAULI;2020;1;8868;0.265;0.287
ITAIM PAULI;2020;2;8486;0.364;0.284
ITAIM PAULI;2020;3;8333;0.327;0.295
ITAIM PAULI;2020;4;9043;0.34;0.364
ITAIM PAULI;2021;1;11677;0.301;0.233
ITAIM PAULI;2021;2;10902;0.316;0.293
ITAIM PAULI;2021;3;8396;0.347;0.439
ITAIM PAULI;2021;4;10547;0.355;0.327
ITAQUERA;2018;1;14403;0.345;0.313
ITAQUERA;2018;2;15489;0.345;0.342
ITAQUERA;2018;3;13644;0.364;0.365
ITAQUERA;2018;4;15159;0.343;0.317
ITAQUERA;2019;1;16299;0.35;0.315
ITAQUERA;2019;2;15128;0.424;0.385
ITAQUERA;2019;3;15637;0.435;0.371
ITAQUERA;2019;4;16653;0.427;0.383
ITAQUERA;2020;1;15575;0.339;0.307
ITAQUERA;2020;2;14542;0.395;0.371
ITAQUERA;2020;3;14911;0.423;0.37
ITAQUERA;2020;4;15753;0.423;0.368
ITAQUERA;2021;1;16544;0.383;0.375
ITAQUERA;2021;2;15330;0.386;0.387
ITAQUERA;2021;3;15484;0.431;0.467
ITAQUERA;2021;4;16581;0.43;0.45
J BONIFACIO;2018;1;9863;0.325;0.177
J BONIFACIO;2018;2;10063;0.307;0.222
J BONIFACIO;2018;3;9472;0.332;0.211
J BONIFACIO;2018;4;11248;0.309;0.166
J BONIFACIO;2019;1;11716;0.261;0.182
J BONIFACIO;2019;2;5473;0.323;0.385
J BONIFACIO;2019;3;10417;0.304;0.194
J BONIFACIO;2019;4;10678;0.321;0.234
J BONIFACIO;2020;1;11925;0.266;0.155
J BONIFACIO;2020;2;5033;0.315;0.361
J BONIFACIO;2020;3;10527;0.309;0.166
J BONIFACIO;2020;4;10646;0.313;0.193
J BONIFACIO;2021;1;12597;0.288;0.138
J BONIFACIO;2021;2;11403;0.308;0.193
J BONIFACIO;2021;3;12098;0.35;0.185
J BONIFACIO;2021;4;11906;0.369;0.204
JABAQUARA;2018;1;54135;0.32;0.407
JABAQUARA;2018;2;57585;0.326;0.45
JABAQUARA;2018;3;50623;0.32;0.436
JABAQUARA;2018;4;48408;0.331;0.412
JABAQUARA;2019;1;42028;0.277;0.354
JABAQUARA;2019;2;39855;0.342;0.42
JABAQUARA;2019;3;39966;0.348;0.411
JABAQUARA;2019;4;43124;0.32;0.403
JABAQUARA;2020;1;38341;0.275;0.353
JABAQUARA;2020;2;36074;0.327;0.415
JABAQUARA;2020;3;35692;0.357;0.415
JABAQUARA;2020;4;38676;0.338;0.406
JABAQUARA;2021;1;45834;0.254;0.395
JABAQUARA;2021;2;43715;0.295;0.43
JABAQUARA;2021;3;44016;0.328;0.476
JABAQUARA;2021;4;49277;0.334;0.444
JACANA;2018;1;15181;0.287;0.157
JACANA;2018;2;15221;0.293;0.199
JACANA;2018;3;13959;0.322;0.203
JACANA;2018;4;16138;0.302;0.175
JACANA;2019;1;15595;0.238;0.177
JACANA;2019;2;12079;0.282;0.207
JACANA;2019;3;14564;0.283;0.187
JACANA;2019;4;15136;0.278;0.225
JACANA;2020;1;15231;0.269;0.178
JACANA;2020;2;11979;0.305;0.21
JACANA;2020;3;14161;0.316;0.188
JACANA;2020;4;14807;0.302;0.225
JACANA;2021;1;15222;0.25;0.148
JACANA;2021;2;14670;0.299;0.196
JACANA;2021;3;12677;0.315;0.261
JACANA;2021;4;14623;0.332;0.213
JAGUARA;2018;1;14627;0.306;0.329
JAGUARA;2018;2;16204;0.328;0.406
JAGUARA;2018;3;14410;0.306;0.35
JAGUARA;2018;4;17989;0.32;0.277
JAGUARA;2019;1;15790;0.269;0.3
JAGUARA;2019;2;12531;0.292;0.406
JAGUARA;2019;3;15158;0.331;0.328
JAGUARA;2019;4;15886;0.32;0.36
JAGUARA;2020;1;15230;0.282;0.294
JAGUARA;2020;2;12040;0.299;0.414
JAGUARA;2020;3;14580;0.326;0.336
JAGUARA;2020;4;15228;0.289;0.349
JAGUARA;2021;1;16961;0.263;0.3
JAGUARA;2021;2;15922;0.295;0.347
JAGUARA;2021;3;15754;0.295;0.378
JAGUARA;2021;4;16410;0.34;0.366
JAGUARE;2018;1;24926;0.39;0.318
JAGUARE;2018;2;25429;0.417;0.397
JAGUARE;2018;3;24473;0.428;0.345
JAGUARE;2018;4;28156;0.403;0.321
JAGUARE;2019;1;38119;0.296;0.327
JAGUARE;2019;2;33287;0.35;0.369
JAGUARE;2019;3;36219;0.367;0.325
JAGUARE;2019;4;38164;0.362;0.372
JAGUARE;2020;1;39459;0.293;0.361
JAGUARE;2020;2;34266;0.354;0.41
JAGUARE;2020;3;37667;0.361;0.355
JAGUARE;2020;4;39490;0.344;0.398
JAGUARE;2021;1;49843;0.313;0.357
JAGUARE;2021;2;50456;0.364;0.379
JAGUARE;2021;3;47976;0.367;0.418
JAGUARE;2021;4;50880;0.376;0.381
JARAGUA;2018;1;7362;0.327;0.196
JARAGUA;2018;2;7908;0.305;0.259
JARAGUA;2018;3;7084;0.314;0.25
JARAGUA;2018;4;7673;0.305;0.2
JARAGUA;2019;1;7686;0.246;0.215
JARAGUA;2019;2;5270;0.311;0.315
JARAGUA;2019;3;7033;0.279;0.24
JARAGUA;2019;4;7078;0.297;0.281
JARAGUA;2020;1;7229;0.235;0.205
JARAGUA;2020;2;4960;0.304;0.302
JARAGUA;2020;3;6491;0.269;0.229
JARAGUA;2020;4;6776;0.286;0.265
JARAGUA;2021;1;8030;0.237;0.171
JARAGUA;2021;2;7222;0.284;0.219
JARAGUA;2021;3;7189;0.307;0.244
JARAGUA;2021;4;7210;0.306;0.238
JD ANGELA;2018;1;7035;0.304;0.286
JD ANGELA;2018;2;6102;0.285;0.308
JD ANGELA;2018;3;5491;0.327;0.353
JD ANGELA;2018;4;6891;0.32;0.33
JD ANGELA;2019;1;6495;0.249;0.325
JD ANGELA;2019;2;5963;0.312;0.304
JD ANGELA;2019;3;6070;0.305;0.347
JD ANGELA;2019;4;6543;0.322;0.378
JD ANGELA;2020;1;7837;0.237;0.255
JD ANGELA;2020;2;6081;0.305;0.298
JD ANGELA;2020;3;7003;0.289;0.287
JD ANGELA;2020;4;7454;0.286;0.31
JD ANGELA;2021;1;6561;0.274;0.241
JD ANGELA;2021;2;5978;0.289;0.329
JD ANGELA;2021;3;6213;0.312;0.366
JD ANGELA;2021;4;6245;0.33;0.347
JD HELENA;2018;1;6415;0.348;0.234
JD HELENA;2018;2;6428;0.356;0.268
JD HELENA;2018;3;5853;0.354;0.268
JD HELENA;2018;4;6800;0.356;0.252
JD HELENA;2019;1;6021;0.285;0.29
JD HELENA;2019;2;4944;0.33;0.324
JD HELENA;2019;3;5746;0.345;0.294
JD HELENA;2019;4;6043;0.352;0.358
JD HELENA;2020;1;6073;0.291;0.245
JD HELENA;2020;2;4621;0.343;0.306
JD HELENA;2020;3;5766;0.352;0.251
JD HELENA;2020;4;5949;0.355;0.3
JD HELENA;2021;1;6484;0.269;0.157
JD HELENA;2021;2;6144;0.292;0.219
JD HELENA;2021;3;6121;0.311;0.26
JD HELENA;2021;4;5869;0.356;0.246
JD PAULISTA;2018;1;60421;0.426;0.356
JD PAULISTA;2018;2;68118;0.422;0.414
JD PAULISTA;2018;3;56543;0.408;0.392
JD PAULISTA;2018;4;66799;0.417;0.345
JD PAULISTA;2019;1;70966;0.346;0.393
JD PAULISTA;2019;2;69865;0.417;0.4
JD PAULISTA;2019;3;66986;0.418;0.419
JD PAULISTA;2019;4;76397;0.39;0.471
JD PAULISTA;2020;1;67937;0.336;0.41
JD PAULISTA;2020;2;66781;0.394;0.416
JD PAULISTA;2020;3;65325;0.4;0.428
JD PAULISTA;2020;4;73007;0.388;0.478
JD PAULISTA;2021;1;70246;0.351;0.414
JD PAULISTA;2021;2;72911;0.392;0.435
JD PAULISTA;2021;3;61238;0.425;0.566
JD PAULISTA;2021;4;75726;0.438;0.47
LAJEADO;2018;1;21632;0.34;0.281
LAJEADO;2018;2;22453;0.338;0.315
LAJEADO;2018;3;19491;0.35;0.325
LAJEADO;2018;4;21600;0.33;0.297
LAJEADO;2019;1;20692;0.298;0.338
LAJEADO;2019;2;21130;0.336;0.337
LAJEADO;2019;3;20466;0.385;0.345
LAJEADO;2019;4;22009;0.363;0.394
LAJEADO;2020;1;21764;0.275;0.323
LAJEADO;2020;2;22577;0.347;0.313
LAJEADO;2020;3;21551;0.366;0.322
LAJEADO;2020;4;23343;0.354;0.376
LAJEADO;2021;1;25843;0.298;0.388
LAJEADO;2021;2;25842;0.337;0.414
LAJEADO;2021;3;17223;0.37;0.659
LAJEADO;2021;4;25838;0.372;0.414
LAPA;2018;1;67505;0.319;0.279
LAPA;2018;2;72916;0.346;0.35
LAPA;2018;3;65717;0.329;0.332
LAPA;2018;4;76200;0.351;0.279
LAPA;2019;1;69100;0.283;0.278
LAPA;2019;2;51033;0.332;0.378
LAPA;2019;3;63863;0.322;0.305
LAPA;2019;4;68853;0.333;0.354
LAPA;2020;1;72636;0.285;0.263
LAPA;2020;2;51957;0.329;0.37
LAPA;2020;3;66777;0.343;0.292
LAPA;2020;4;72176;0.333;0.34
LAPA;2021;1;72025;0.294;0.289
LAPA;2021;2;74443;0.327;0.325
LAPA;2021;3;69992;0.336;0.378
LAPA;2021;4;73195;0.371;0.353
LIBERDADE;2018;1;33574;0.311;0.488
LIBERDADE;2018;2;37411;0.318;0.51
LIBERDADE;2018;3;30662;0.315;0.503
LIBERDADE;2018;4;33678;0.315;0.452
LIBERDADE;2019;1;29546;0.292;0.503
LIBERDADE;2019;2;30295;0.338;0.5
LIBERDADE;2019;3;29232;0.351;0.525
LIBERDADE;2019;4;29538;0.378;0.551
LIBERDADE;2020;1;26436;0.285;0.476
LIBERDADE;2020;2;27427;0.342;0.464
LIBERDADE;2020;3;26256;0.362;0.494
LIBERDADE;2020;4;26730;0.353;0.529
LIBERDADE;2021;1;26420;0.327;0.392
LIBERDADE;2021;2;26318;0.365;0.421
LIBERDADE;2021;3;19715;0.402;0.604
LIBERDADE;2021;4;24940;0.359;0.456
LIMAO;2018;1;13343;0.319;0.221
LIMAO;2018;2;14546;0.331;0.3
LIMAO;2018;3;12898;0.337;0.272
LIMAO;2018;4;14626;0.336;0.228
LIMAO;2019;1;13609;0.293;0.234
LIMAO;2019;2;10524;0.319;0.289
LIMAO;2019;3;12720;0.332;0.237
LIMAO;2019;4;13282;0.338;0.286
LIMAO;2020;1;12103;0.285;0.24
LIMAO;2020;2;9807;0.334;0.282
LIMAO;2020;3;11588;0.342;0.236
LIMAO;2020;4;12091;0.321;0.28
LIMAO;2021;1;14939;0.28;0.225
LIMAO;2021;2;16283;0.317;0.265
LIMAO;2021;3;15781;0.319;0.29
LIMAO;2021;4;14034;0.35;0.328
MANDAQUI;2018;1;14409;0.33;0.32
MANDAQUI;2018;2;16256;0.339;0.387
MANDAQUI;2018;3;12934;0.369;0.397
MANDAQUI;2018;4;15102;0.355;0.335
MANDAQUI;2019;1;12933;0.314;0.368
MANDAQUI;2019;2;13612;0.348;0.354
MANDAQUI;2019;3;12541;0.354;0.362
MANDAQUI;2019;4;13462;0.373;0.445
MANDAQUI;2020;1;11919;0.314;0.372
MANDAQUI;2020;2;13039;0.349;0.344
MANDAQUI;2020;3;11587;0.349;0.363
MANDAQUI;2020;4;12373;0.367;0.441
MANDAQUI;2021;1;15860;0.327;0.279
MANDAQUI;2021;2;14642;0.346;0.331
MANDAQUI;2021;3;10470;0.382;0.512
MANDAQUI;2021;4;14383;0.378;0.367
MARSILAC;2018;1;2925;0.278;0.206
MARSILAC;2018;2;3069;0.334;0.252
MARSILAC;2018;3;2910;0.338;0.248
MARSILAC;2018;4;3278;0.289;0.209
MARSILAC;2019;1;3274;0.273;0.182
MARSILAC;2019;2;2316;0.327;0.259
MARSILAC;2019;3;2846;0.339;0.214
MARSILAC;2019;4;3221;0.324;0.256
MARSILAC;2020;1;3133;0.267;0.182
MARSILAC;2020;2;2202;0.319;0.268
MARSILAC;2020;3;2725;0.336;0.214
MARSILAC;2020;4;3068;0.332;0.249
MARSILAC;2021;1;3403;0.259;0.202
MARSILAC;2021;2;3335;0.266;0.266
MARSILAC;2021;3;3379;0.314;0.287
MARSILAC;2021;4;3399;0.311;0.282
MOEMA;2018;1;50412;0.406;0.303
MOEMA;2018;2;53695;0.406;0.349
MOEMA;2018;3;45508;0.427;0.387
MOEMA;2018;4;48477;0.411;0.327
MOEMA;2019;1;47370;0.335;0.336
MOEMA;2019;2;47377;0.409;0.344
MOEMA;2019;3;45689;0.396;0.359
MOEMA;2019;4;48290;0.395;0.4
MOEMA;2020;1;46828;0.342;0.333
MOEMA;2020;2;47404;0.39;0.337
MOEMA;2020;3;45182;0.4;0.354
MOEMA;2020;4;47596;0.4;0.393
MOEMA;2021;1;53013;0.28;0.293
MOEMA;2021;2;48373;0.317;0.327
MOEMA;2021;3;40222;0.351;0.472
MOEMA;2021;4;56017;0.348;0.387
MOOCA;2018;1;33019;0.379;0.218
MOOCA;2018;2;36205;0.396;0.267
MOOCA;2018;3;31091;0.407;0.255
MOOCA;2018;4;36661;0.399;0.214
MOOCA;2019;1;32876;0.334;0.241
MOOCA;2019;2;26845;0.414;0.274
MOOCA;2019;3;30436;0.394;0.253
MOOCA;2019;4;33218;0.402;0.295
MOOCA;2020;1;35249;0.313;0.226
MOOCA;2020;2;28130;0.396;0.26
MOOCA;2020;3;32629;0.386;0.237
MOOCA;2020;4;35427;0.376;0.279
MOOCA;2021;1;39593;0.361;0.217
MOOCA;2021;2;39387;0.368;0.251
MOOCA;2021;3;29611;0.411;0.357
MOOCA;2021;4;36470;0.431;0.275
MORUMBI;2018;1;37416;0.348;0.215
MORUMBI;2018;2;45666;0.359;0.241
MORUMBI;2018;3;35456;0.357;0.276
MORUMBI;2018;4;40446;0.355;0.238
MORUMBI;2019;1;39765;0.292;0.225
MORUMBI;2019;2;38801;0.346;0.22
MORUMBI;2019;3;39733;0.325;0.259
MORUMBI;2019;4;39685;0.347;0.303
MORUMBI;2020;1;42321;0.292;0.224
MORUMBI;2020;2;42121;0.338;0.214
MORUMBI;2020;3;42323;0.341;0.252
MORUMBI;2020;4;43081;0.338;0.289
MORUMBI;2021;1;47691;0.264;0.206
MORUMBI;2021;2;49025;0.298;0.229
MORUMBI;2021;3;27446;0.33;0.461
MORUMBI;2021;4;44810;0.343;0.276
N CACHOEIRI;2018;1;7122;0.316;0.315
N CACHOEIRI;2018;2;7299;0.346;0.392
N CACHOEIRI;2018;3;6073;0.348;0.421
N CACHOEIRI;2018;4;7048;0.324;0.35
N CACHOEIRI;2019;1;6756;0.257;0.363
N CACHOEIRI;2019;2;6733;0.33;0.36
N CACHOEIRI;2019;3;6551;0.307;0.371
N CACHOEIRI;2019;4;7243;0.331;0.474
N CACHOEIRI;2020;1;6941;0.256;0.319
N CACHOEIRI;2020;2;6434;0.326;0.341
N CACHOEIRI;2020;3;6566;0.299;0.326
N CACHOEIRI;2020;4;7174;0.325;0.422
N CACHOEIRI;2021;1;8101;0.331;0.304
N CACHOEIRI;2021;2;7381;0.343;0.362
N CACHOEIRI;2021;3;7412;0.376;0.433
N CACHOEIRI;2021;4;7684;0.403;0.4
OUTROS SP;2018;1;5016;0.37;0.257
OUTROS SP;2018;2;5148;0.39;0.293
OUTROS SP;2018;3;4714;0.34;0.316
OUTROS SP;2018;4;5647;0.345;0.269
OUTROS SP;2019;1;1795;0.269;0.252
OUTROS SP;2019;2;1085;0.315;0.413
OUTROS SP;2019;3;1728;0.271;0.257
OUTROS SP;2019;4;1804;0.32;0.28
OUTROS SP;2020;1;1621;0.295;0.217
OUTROS SP;2020;2;990;0.307;0.331
OUTROS SP;2020;3;1473;0.331;0.228
OUTROS SP;2020;4;1557;0.348;0.26
OUTROS SP;2021;1;996;0.183;0.136
OUTROS SP;2021;2;940;0.314;0.19
OUTROS SP;2021;3;1080;0.286;0.204
OUTROS SP;2021;4;1044;0.279;0.254
PARELHEIROS;2018;1;3788;0.304;0.238
PARELHEIROS;2018;2;3718;0.321;0.253
PARELHEIROS;2018;3;3133;0.335;0.286
PARELHEIROS;2018;4;3785;0.339;0.269
PARELHEIROS;2019;1;3579;0.264;0.236
PARELHEIROS;2019;2;2943;0.327;0.253
PARELHEIROS;2019;3;3228;0.292;0.261
PARELHEIROS;2019;4;3518;0.356;0.286
PARELHEIROS;2020;1;6684;0.258;0.152
PARELHEIROS;2020;2;6793;0.328;0.134
PARELHEIROS;2020;3;6555;0.289;0.15
PARELHEIROS;2020;4;6797;0.366;0.197
PARELHEIROS;2021;1;7422;0.266;0.142
PARELHEIROS;2021;2;7186;0.311;0.174
PARELHEIROS;2021;3;3564;0.356;0.392
PARELHEIROS;2021;4;6709;0.354;0.191
PARI;2018;1;14524;0.311;0.205
PARI;2018;2;13997;0.319;0.263
PARI;2018;3;14250;0.314;0.281
PARI;2018;4;16187;0.29;0.231
PARI;2019;1;16251;0.237;0.225
PARI;2019;2;10247;0.335;0.356
PARI;2019;3;15154;0.312;0.245
PARI;2019;4;15607;0.32;0.278
PARI;2020;1;16629;0.268;0.224
PARI;2020;2;10208;0.376;0.359
PARI;2020;3;15421;0.353;0.24
PARI;2020;4;15867;0.351;0.272
PARI;2021;1;15514;0.321;0.166
PARI;2021;2;14654;0.329;0.223
PARI;2021;3;16277;0.352;0.255
PARI;2021;4;15878;0.377;0.278
PEDREIRA;2018;1;9154;0.316;0.184
PEDREIRA;2018;2;9186;0.312;0.302
PEDREIRA;2018;3;9279;0.333;0.307
PEDREIRA;2018;4;9336;0.353;0.26
PEDREIRA;2019;1;10689;0.258;0.162
PEDREIRA;2019;2;7366;0.244;0.209
PEDREIRA;2019;3;10045;0.287;0.281
PEDREIRA;2019;4;11109;0.332;0.321
PEDREIRA;2020;1;5194;0.287;0.201
PEDREIRA;2020;2;3924;0.281;0.266
PEDREIRA;2020;3;4335;0.313;0.246
PEDREIRA;2020;4;5286;0.36;0.247
PEDREIRA;2021;1;5601;0.291;0.198
PEDREIRA;2021;2;5553;0.318;0.246
PEDREIRA;2021;3;5040;0.304;0.297
PEDREIRA;2021;4;5110;0.395;0.312
PENHA;2018;1;20275;0.314;0.238
PENHA;2018;2;20298;0.331;0.296
PENHA;2018;3;17995;0.335;0.326
PENHA;2018;4;20925;0.335;0.268
PENHA;2019;1;20202;0.259;0.261
PENHA;2019;2;15921;0.331;0.328
PENHA;2019;3;18395;0.314;0.284
PENHA;2019;4;19426;0.334;0.34
PENHA;2020;1;19632;0.256;0.246
PENHA;2020;2;15290;0.327;0.312
PENHA;2020;3;17446;0.309;0.274
PENHA;2020;4;18116;0.332;0.33
PENHA;2021;1;19067;0.299;0.237
PENHA;2021;2;17740;0.319;0.286
PENHA;2021;3;18423;0.352;0.335
PENHA;2021;4;18671;0.361;0.329
PERDIZES;2018;1;24724;0.32;0.307
PERDIZES;2018;2;26315;0.331;0.345
PERDIZES;2018;3;21990;0.323;0.389
PERDIZES;2018;4;26616;0.32;0.33
PERDIZES;2019;1;22937;0.264;0.355
PERDIZES;2019;2;23731;0.357;0.33
PERDIZES;2019;3;21700;0.341;0.358
PERDIZES;2019;4;23487;0.331;0.414
PERDIZES;2020;1;20273;0.261;0.376
PERDIZES;2020;2;21215;0.35;0.346
PERDIZES;2020;3;19259;0.322;0.376
PERDIZES;2020;4;20661;0.348;0.433
PERDIZES;2021;1;22509;0.286;0.309
PERDIZES;2021;2;22028;0.308;0.351
PERDIZES;2021;3;18655;0.35;0.465
PERDIZES;2021;4;22071;0.359;0.412
PERUS;2018;1;3600;0.298;0.253
PERUS;2018;2;3599;0.304;0.283
PERUS;2018;3;3015;0.335;0.37
PERUS;2018;4;3378;0.286;0.332
PERUS;2019;1;3036;0.219;0.317
PERUS;2019;2;3090;0.311;0.309
PERUS;2019;3;2742;0.25;0.334
PERUS;2019;4;3167;0.25;0.359
PERUS;2020;1;2702;0.231;0.331
PERUS;2020;2;2788;0.266;0.315
PERUS;2020;3;2597;0.233;0.329
PERUS;2020;4;2898;0.282;0.368
PERUS;2021;1;3168;0.219;0.229
PERUS;2021;2;2749;0.271;0.302
PERUS;2021;3;2840;0.275;0.359
PERUS;2021;4;2914;0.269;0.362
PINHEIROS;2018;1;62328;0.353;0.478
PINHEIROS;2018;2;62657;0.359;0.557
PINHEIROS;2018;3;59222;0.351;0.525
PINHEIROS;2018;4;66439;0.364;0.498
PINHEIROS;2019;1;73151;0.289;0.5
PINHEIROS;2019;2;68332;0.339;0.531
PINHEIROS;2019;3;67809;0.338;0.544
PINHEIROS;2019;4;75278;0.358;0.57
PINHEIROS;2020;1;74631;0.29;0.513
PINHEIROS;2020;2;71139;0.339;0.53
PINHEIROS;2020;3;69293;0.35;0.561
PINHEIROS;2020;4;76518;0.357;0.578
PINHEIROS;2021;1;82864;0.294;0.562
PINHEIROS;2021;2;87666;0.338;0.595
PINHEIROS;2021;3;84222;0.364;0.627
PINHEIROS;2021;4;93284;0.356;0.6
PIRITUBA;2018;1;29283;0.349;0.32
PIRITUBA;2018;2;29286;0.352;0.38
PIRITUBA;2018;3;27676;0.372;0.394
PIRITUBA;2018;4;29313;0.372;0.347
PIRITUBA;2019;1;28629;0.289;0.461
PIRITUBA;2019;2;27094;0.377;0.489
PIRITUBA;2019;3;27002;0.367;0.481
PIRITUBA;2019;4;28809;0.36;0.543
PIRITUBA;2020;1;27018;0.304;0.466
PIRITUBA;2020;2;25722;0.356;0.497
PIRITUBA;2020;3;25840;0.366;0.481
PIRITUBA;2020;4;27109;0.356;0.54
PIRITUBA;2021;1;30784;0.313;0.369
PIRITUBA;2021;2;27901;0.35;0.468
PIRITUBA;2021;3;28679;0.366;0.501
PIRITUBA;2021;4;33738;0.378;0.45
PRQ CARMO;2018;1;11301;0.322;0.186
PRQ CARMO;2018;2;12810;0.321;0.233
PRQ CARMO;2018;3;10600;0.302;0.215
PRQ CARMO;2018;4;12982;0.33;0.18
PRQ CARMO;2019;1;12705;0.273;0.176
PRQ CARMO;2019;2;10737;0.287;0.198
PRQ CARMO;2019;3;10882;0.319;0.203
PRQ CARMO;2019;4;11609;0.316;0.26
PRQ CARMO;2020;1;30624;0.273;0.159
PRQ CARMO;2020;2;21938;0.284;0.196
PRQ CARMO;2020;3;28893;0.327;0.268
PRQ CARMO;2020;4;31097;0.331;0.341
PRQ CARMO;2021;1;32507;0.266;0.195
PRQ CARMO;2021;2;36315;0.312;0.209
PRQ CARMO;2021;3;27154;0.334;0.392
PRQ CARMO;2021;4;33820;0.346;0.292
PTE RASA;2018;1;7152;0.321;0.345
PTE RASA;2018;2;7401;0.315;0.426
PTE RASA;2018;3;6583;0.319;0.425
PTE RASA;2018;4;7345;0.327;0.379
PTE RASA;2019;1;5861;0.248;0.332
PTE RASA;2019;2;4903;0.315;0.404
PTE RASA;2019;3;5430;0.331;0.365
PTE RASA;2019;4;5702;0.315;0.397
PTE RASA;2020;1;5243;0.253;0.251
PTE RASA;2020;2;4240;0.317;0.307
PTE RASA;2020;3;4767;0.335;0.284
PTE RASA;2020;4;5043;0.321;0.316
PTE RASA;2021;1;13724;0.294;0.169
PTE RASA;2021;2;13047;0.349;0.213
PTE RASA;2021;3;13023;0.365;0.232
PTE RASA;2021;4;13134;0.379;0.226
R PEQUENO;2018;1;22247;0.326;0.338
R PEQUENO;2018;2;24238;0.329;0.434
R PEQUENO;2018;3;21007;0.343;0.394
R PEQUENO;2018;4;25384;0.339;0.319
R PEQUENO;2019;1;23584;0.285;0.351
R PEQUENO;2019;2;19314;0.326;0.448
R PEQUENO;2019;3;22384;0.323;0.366
R PEQUENO;2019;4;25172;0.363;0.46
R PEQUENO;2020;1;25162;0.272;0.261
R PEQUENO;2020;2;18189;0.31;0.39
R PEQUENO;2020;3;23436;0.313;0.284
R PEQUENO;2020;4;24500;0.35;0.33
R PEQUENO;2021;1;19223;0.297;0.318
R PEQUENO;2021;2;18691;0.309;0.356
R PEQUENO;2021;3;18495;0.331;0.43
R PEQUENO;2021;4;19747;0.359;0.426
R TAVARES;2018;1;9007;0.332;0.194
R TAVARES;2018;2;9164;0.35;0.238
R TAVARES;2018;3;8311;0.324;0.245
R TAVARES;2018;4;9383;0.327;0.203
R TAVARES;2019;1;8937;0.263;0.235
R TAVARES;2019;2;6729;0.351;0.312
R TAVARES;2019;3;7930;0.328;0.262
R TAVARES;2019;4;8653;0.336;0.287
R TAVARES;2020;1;9216;0.253;0.225
R TAVARES;2020;2;6661;0.33;0.312
R TAVARES;2020;3;7995;0.303;0.258
R TAVARES;2020;4;8829;0.304;0.274
R TAVARES;2021;1;10737;0.281;0.173
R TAVARES;2021;2;9685;0.321;0.226
R TAVARES;2021;3;9630;0.325;0.247
R TAVARES;2021;4;10176;0.375;0.271
REPUBLICA;2018;1;62388;0.337;0.418
REPUBLICA;2018;2;60714;0.371;0.511
REPUBLICA;2018;3;58569;0.353;0.434
REPUBLICA;2018;4;70410;0.352;0.41
REPUBLICA;2019;1;64448;0.303;0.407
REPUBLICA;2019;2;60152;0.324;0.449
REPUBLICA;2019;3;59935;0.34;0.411
REPUBLICA;2019;4;67846;0.355;0.48
REPUBLICA;2020;1;59964;0.305;0.393
REPUBLICA;2020;2;53493;0.316;0.446
REPUBLICA;2020;3;55576;0.346;0.397
REPUBLICA;2020;4;61992;0.349;0.468
REPUBLICA;2021;1;52568;0.373;0.381
REPUBLICA;2021;2;55052;0.389;0.42
REPUBLICA;2021;3;53859;0.423;0.463
REPUBLICA;2021;4;56056;0.42;0.451
S AMARO;2018;1;75619;0.319;0.443
S AMARO;2018;2;77895;0.321;0.502
S AMARO;2018;3;72811;0.313;0.499
S AMARO;2018;4;78940;0.331;0.453
S AMARO;2019;1;88845;0.279;0.478
S AMARO;2019;2;80044;0.313;0.541
S AMARO;2019;3;83886;0.313;0.503
S AMARO;2019;4;90829;0.325;0.497
S AMARO;2020;1;94707;0.278;0.447
S AMARO;2020;2;79200;0.322;0.538
S AMARO;2020;3;88564;0.323;0.476
S AMARO;2020;4;95831;0.319;0.473
S AMARO;2021;1;83276;0.297;0.436
S AMARO;2021;2;87129;0.324;0.463
S AMARO;2021;3;77610;0.361;0.518
S AMARO;2021;4;86145;0.364;0.486
S CECILIA;2018;1;35704;0.34;0.391
S CECILIA;2018;2;38035;0.35;0.46
S CECILIA;2018;3;34159;0.344;0.436
S CECILIA;2018;4;39662;0.35;0.408
S CECILIA;2019;1;33379;0.293;0.402
S CECILIA;2019;2;30439;0.355;0.407
S CECILIA;2019;3;32241;0.339;0.413
S CECILIA;2019;4;35025;0.369;0.456
S CECILIA;2020;1;31481;0.294;0.422
S CECILIA;2020;2;28238;0.359;0.431
S CECILIA;2020;3;30779;0.344;0.428
S CECILIA;2020;4;33296;0.364;0.465
S CECILIA;2021;1;31458;0.335;0.416
S CECILIA;2021;2;34398;0.356;0.448
S CECILIA;2021;3;30095;0.394;0.543
S CECILIA;2021;4;31407;0.395;0.473
S DOMINGOS;2018;1;45605;0.332;0.443
S DOMINGOS;2018;2;47422;0.336;0.525
S DOMINGOS;2018;3;45730;0.345;0.487
S DOMINGOS;2018;4;48123;0.349;0.452
S DOMINGOS;2019;1;54160;0.264;0.417
S DOMINGOS;2019;2;45093;0.35;0.537
S DOMINGOS;2019;3;50103;0.333;0.508
S DOMINGOS;2019;4;54469;0.338;0.488
S DOMINGOS;2020;1;64875;0.269;0.385
S DOMINGOS;2020;2;47546;0.354;0.547
S DOMINGOS;2020;3;59064;0.341;0.477
S DOMINGOS;2020;4;63326;0.337;0.456
S DOMINGOS;2021;1;74270;0.304;0.371
S DOMINGOS;2021;2;74682;0.322;0.403
S DOMINGOS;2021;3;73005;0.37;0.431
S DOMINGOS;2021;4;77566;0.376;0.43
S LUCAS;2018;1;10181;0.325;0.185
S LUCAS;2018;2;10346;0.305;0.245
S LUCAS;2018;3;9788;0.331;0.256
S LUCAS;2018;4;10996;0.311;0.203
S LUCAS;2019;1;9913;0.273;0.224
S LUCAS;2019;2;7029;0.3;0.318
S LUCAS;2019;3;8969;0.32;0.249
S LUCAS;2019;4;9634;0.336;0.289
S LUCAS;2020;1;9702;0.237;0.216
S LUCAS;2020;2;6630;0.309;0.322
S LUCAS;2020;3;8745;0.288;0.242
S LUCAS;2020;4;9395;0.314;0.279
S LUCAS;2021;1;10868;0.259;0.173
S LUCAS;2021;2;10099;0.292;0.226
S LUCAS;2021;3;10516;0.325;0.253
S LUCAS;2021;4;10260;0.343;0.262
S LUIS;2018;1;27427;0.285;0.396
S LUIS;2018;2;26358;0.312;0.446
S LUIS;2018;3;24793;0.317;0.485
S LUIS;2018;4;26116;0.295;0.463
S LUIS;2019;1;26554;0.278;0.409
S LUIS;2019;2;24074;0.33;0.461
S LUIS;2019;3;26129;0.328;0.474
S LUIS;2019;4;26885;0.352;0.506
S LUIS;2020;1;24484;0.273;0.407
S LUIS;2020;2;21954;0.333;0.465
S LUIS;2020;3;23941;0.327;0.473
S LUIS;2020;4;24947;0.346;0.513
S LUIS;2021;1;25751;0.302;0.368
S LUIS;2021;2;25534;0.336;0.416
S LUIS;2021;3;24334;0.36;0.497
S LUIS;2021;4;26236;0.363;0.452
S MATEUS;2018;1;16283;0.285;0.246
S MATEUS;2018;2;15308;0.291;0.3
S MATEUS;2018;3;15577;0.333;0.375
S MATEUS;2018;4;17111;0.319;0.313
S MATEUS;2019;1;17419;0.257;0.295
S MATEUS;2019;2;13575;0.301;0.378
S MATEUS;2019;3;16641;0.299;0.313
S MATEUS;2019;4;17221;0.317;0.334
S MATEUS;2020;1;15712;0.235;0.292
S MATEUS;2020;2;12338;0.286;0.367
S MATEUS;2020;3;14705;0.284;0.317
S MATEUS;2020;4;15272;0.29;0.338
S MATEUS;2021;1;15489;0.272;0.21
S MATEUS;2021;2;15519;0.295;0.271
S MATEUS;2021;3;16585;0.325;0.318
S MATEUS;2021;4;15956;0.354;0.356
S MIGUEL;2018;1;7031;0.321;0.257
S MIGUEL;2018;2;6455;0.338;0.303
S MIGUEL;2018;3;6026;0.381;0.385
S MIGUEL;2018;4;7053;0.344;0.324
S MIGUEL;2019;1;6446;0.259;0.343
S MIGUEL;2019;2;6286;0.351;0.344
S MIGUEL;2019;3;6305;0.317;0.344
S MIGUEL;2019;4;6708;0.34;0.402
S MIGUEL;2020;1;6193;0.282;0.331
S MIGUEL;2020;2;6233;0.332;0.344
S MIGUEL;2020;3;6017;0.335;0.334
S MIGUEL;2020;4;6476;0.348;0.398
S MIGUEL;2021;1;7727;0.272;0.229
S MIGUEL;2021;2;7075;0.292;0.282
S MIGUEL;2021;3;7302;0.357;0.345
S MIGUEL;2021;4;7798;0.348;0.338
S RAFAEL;2018;1;8945;0.277;0.209
S RAFAEL;2018;2;8442;0.308;0.259
S RAFAEL;2018;3;8542;0.345;0.32
S RAFAEL;2018;4;9115;0.34;0.298
S RAFAEL;2019;1;9957;0.24;0.227
S RAFAEL;2019;2;7595;0.345;0.266
S RAFAEL;2019;3;9466;0.319;0.306
S RAFAEL;2019;4;9752;0.355;0.331
S RAFAEL;2020;1;9647;0.255;0.215
S RAFAEL;2020;2;6799;0.338;0.265
S RAFAEL;2020;3;9149;0.328;0.317
S RAFAEL;2020;4;9388;0.362;0.34
S RAFAEL;2021;1;9750;0.292;0.162
S RAFAEL;2021;2;10303;0.323;0.189
S RAFAEL;2021;3;9034;0.355;0.316
S RAFAEL;2021;4;10386;0.366;0.308
SACOMA;2018;1;25945;0.289;0.219
SACOMA;2018;2;26476;0.268;0.294
SACOMA;2018;3;24347;0.289;0.303
SACOMA;2018;4;26162;0.304;0.257
SACOMA;2019;1;25305;0.267;0.25
SACOMA;2019;2;18908;0.322;0.325
SACOMA;2019;3;23319;0.316;0.31
SACOMA;2019;4;25006;0.341;0.343
SACOMA;2020;1;26278;0.267;0.265
SACOMA;2020;2;19909;0.319;0.337
SACOMA;2020;3;24395;0.313;0.322
SACOMA;2020;4;25792;0.319;0.346
SACOMA;2021;1;29733;0.362;0.241
SACOMA;2021;2;29255;0.38;0.297
SACOMA;2021;3;25716;0.406;0.363
SACOMA;2021;4;28661;0.404;0.348
SANTANA;2018;1;40808;0.339;0.323
SANTANA;2018;2;42808;0.347;0.379
SANTANA;2018;3;36917;0.345;0.386
SANTANA;2018;4;38773;0.34;0.333
SANTANA;2019;1;38528;0.302;0.321
SANTANA;2019;2;35951;0.34;0.333
SANTANA;2019;3;36370;0.342;0.322
SANTANA;2019;4;38944;0.369;0.398
SANTANA;2020;1;36185;0.308;0.306
SANTANA;2020;2;33277;0.34;0.328
SANTANA;2020;3;33978;0.349;0.315
SANTANA;2020;4;36310;0.379;0.381
SANTANA;2021;1;36515;0.306;0.302
SANTANA;2021;2;35409;0.346;0.339
SANTANA;2021;3;30583;0.353;0.445
SANTANA;2021;4;35914;0.379;0.381
SAPOPEMBA;2018;1;25563;0.292;0.323
SAPOPEMBA;2018;2;25912;0.295;0.368
SAPOPEMBA;2018;3;24796;0.297;0.369
SAPOPEMBA;2018;4;26962;0.309;0.343
SAPOPEMBA;2019;1;28472;0.263;0.324
SAPOPEMBA;2019;2;21600;0.299;0.411
SAPOPEMBA;2019;3;27249;0.32;0.405
SAPOPEMBA;2019;4;30172;0.32;0.469
SAPOPEMBA;2020;1;29026;0.261;0.307
SAPOPEMBA;2020;2;22157;0.282;0.382
SAPOPEMBA;2020;3;27827;0.318;0.387
SAPOPEMBA;2020;4;30718;0.312;0.452
SAPOPEMBA;2021;1;30019;0.269;0.326
SAPOPEMBA;2021;2;31435;0.301;0.343
SAPOPEMBA;2021;3;28443;0.299;0.465
SAPOPEMBA;2021;4;30744;0.347;0.406
SAUDE;2018;1;298840;0.343;0.548
SAUDE;2018;2;367734;0.35;0.579
SAUDE;2018;3;333543;0.342;0.468
SAUDE;2018;4;378905;0.343;0.423
SAUDE;2019;1;276963;0.264;0.507
SAUDE;2019;2;278037;0.356;0.628
SAUDE;2019;3;337990;0.352;0.419
SAUDE;2019;4;349242;0.335;0.58
SAUDE;2020;1;268358;0.292;0.507
SAUDE;2020;2;269516;0.338;0.629
SAUDE;2020;3;327736;0.363;0.42
SAUDE;2020;4;338044;0.337;0.578
SAUDE;2021;1;320092;0.307;0.563
SAUDE;2021;2;338961;0.315;0.489
SAUDE;2021;3;271361;0.367;0.727
SAUDE;2021;4;272370;0.374;0.652
SE;2018;1;174767;0.355;0.544
SE;2018;2;171872;0.38;0.539
SE;2018;3;162029;0.384;0.576
SE;2018;4;181781;0.389;0.552
SE;2019;1;175078;0.35;0.397
SE;2019;2;141934;0.428;0.437
SE;2019;3;169435;0.408;0.457
SE;2019;4;181161;0.418;0.591
SE;2020;1;163970;0.36;0.39
SE;2020;2;133620;0.408;0.428
SE;2020;3;158761;0.41;0.453
SE;2020;4;169306;0.413;0.585
SE;2021;1;160707;0.338;0.523
SE;2021;2;181193;0.362;0.532
SE;2021;3;173751;0.385;0.625
SE;2021;4;165889;0.395;0.619
SOCORRO;2018;1;23553;0.287;0.194
SOCORRO;2018;2;24334;0.324;0.284
SOCORRO;2018;3;24729;0.3;0.278
SOCORRO;2018;4;26045;0.304;0.238
SOCORRO;2019;1;32563;0.245;0.21
SOCORRO;2019;2;19708;0.296;0.333
SOCORRO;2019;3;28588;0.286;0.31
SOCORRO;2019;4;32677;0.308;0.355
SOCORRO;2020;1;33143;0.26;0.194
SOCORRO;2020;2;19808;0.312;0.307
SOCORRO;2020;3;28885;0.301;0.292
SOCORRO;2020;4;33231;0.317;0.339
SOCORRO;2021;1;32803;0.261;0.237
SOCORRO;2021;2;36152;0.288;0.26
SOCORRO;2021;3;34819;0.31;0.329
SOCORRO;2021;4;35435;0.333;0.329
TATUAPE;2018;1;33190;0.324;0.304
TATUAPE;2018;2;34769;0.351;0.36
TATUAPE;2018;3;29516;0.333;0.387
TATUAPE;2018;4;35343;0.332;0.317
TATUAPE;2019;1;47220;0.276;0.287
TATUAPE;2019;2;48188;0.315;0.288
TATUAPE;2019;3;45589;0.325;0.274
TATUAPE;2019;4;48635;0.348;0.334
TATUAPE;2020;1;42552;0.27;0.285
TATUAPE;2020;2;44178;0.3;0.283
TATUAPE;2020;3;41565;0.313;0.268
TATUAPE;2020;4;43751;0.322;0.32
TATUAPE;2021;1;51417;0.303;0.274
TATUAPE;2021;2;48901;0.316;0.308
TATUAPE;2021;3;45487;0.344;0.381
TATUAPE;2021;4;50168;0.364;0.353
TREMEMBE;2018;1;4841;0.327;0.283
TREMEMBE;2018;2;4897;0.319;0.342
TREMEMBE;2018;3;4201;0.3;0.339
TREMEMBE;2018;4;5018;0.335;0.301
TREMEMBE;2019;1;4499;0.282;0.317
TREMEMBE;2019;2;4069;0.332;0.347
TREMEMBE;2019;3;4280;0.303;0.323
TREMEMBE;2019;4;4515;0.355;0.417
TREMEMBE;2020;1;5080;0.286;0.305
TREMEMBE;2020;2;4367;0.315;0.355
TREMEMBE;2020;3;4721;0.318;0.319
TREMEMBE;2020;4;4979;0.364;0.417
TREMEMBE;2021;1;5970;0.254;0.292
TREMEMBE;2021;2;5252;0.306;0.355
TREMEMBE;2021;3;5191;0.309;0.416
TREMEMBE;2021;4;5168;0.362;0.406
TUCURUVI;2018;1;8720;0.321;0.304
TUCURUVI;2018;2;8388;0.328;0.368
TUCURUVI;2018;3;8060;0.348;0.404
TUCURUVI;2018;4;9284;0.353;0.352
TUCURUVI;2019;1;8822;0.289;0.346
TUCURUVI;2019;2;7808;0.339;0.398
TUCURUVI;2019;3;8308;0.319;0.365
TUCURUVI;2019;4;9053;0.336;0.405
TUCURUVI;2020;1;8681;0.293;0.321
TUCURUVI;2020;2;7433;0.345;0.389
TUCURUVI;2020;3;8318;0.329;0.338
TUCURUVI;2020;4;8928;0.341;0.377
TUCURUVI;2021;1;9260;0.31;0.275
TUCURUVI;2021;2;8653;0.33;0.316
TUCURUVI;2021;3;9329;0.362;0.369
TUCURUVI;2021;4;9797;0.391;0.379
VL ANDRADE;2018;1;17481;0.33;0.296
VL ANDRADE;2018;2;17518;0.34;0.342
VL ANDRADE;2018;3;15903;0.344;0.371
VL ANDRADE;2018;4;17917;0.342;0.339
VL ANDRADE;2019;1;16973;0.276;0.353
VL ANDRADE;2019;2;16420;0.361;0.367
VL ANDRADE;2019;3;16419;0.31;0.354
VL ANDRADE;2019;4;17247;0.334;0.405
VL ANDRADE;2020;1;16284;0.264;0.347
VL ANDRADE;2020;2;15986;0.343;0.351
VL ANDRADE;2020;3;15614;0.334;0.352
VL ANDRADE;2020;4;16131;0.327;0.401
VL ANDRADE;2021;1;17624;0.3;0.287
VL ANDRADE;2021;2;16727;0.319;0.349
VL ANDRADE;2021;3;15913;0.347;0.414
VL ANDRADE;2021;4;17242;0.334;0.394
VL CURUCA;2018;1;5555;0.347;0.336
VL CURUCA;2018;2;5399;0.349;0.388
VL CURUCA;2018;3;4947;0.332;0.403
VL CURUCA;2018;4;5632;0.348;0.367
VL CURUCA;2019;1;5342;0.279;0.348
VL CURUCA;2019;2;4853;0.317;0.373
VL CURUCA;2019;3;4775;0.343;0.383
VL CURUCA;2019;4;5211;0.349;0.418
VL CURUCA;2020;1;4902;0.271;0.351
VL CURUCA;2020;2;4407;0.331;0.366
VL CURUCA;2020;3;4369;0.331;0.386
VL CURUCA;2020;4;4823;0.343;0.422
VL CURUCA;2021;1;4377;0.292;0.243
VL CURUCA;2021;2;4637;0.311;0.269
VL CURUCA;2021;3;4297;0.346;0.354
VL CURUCA;2021;4;4326;0.341;0.351
VL FORMOSA;2018;1;14134;0.293;0.266
VL FORMOSA;2018;2;14171;0.32;0.321
VL FORMOSA;2018;3;13372;0.33;0.34
VL FORMOSA;2018;4;15226;0.334;0.3
VL FORMOSA;2019;1;13023;0.263;0.341
VL FORMOSA;2019;2;12407;0.314;0.354
VL FORMOSA;2019;3;12596;0.297;0.334
VL FORMOSA;2019;4;13228;0.337;0.394
VL FORMOSA;2020;1;12433;0.264;0.327
VL FORMOSA;2020;2;11883;0.338;0.334
VL FORMOSA;2020;3;11873;0.3;0.326
VL FORMOSA;2020;4;12692;0.336;0.377
VL FORMOSA;2021;1;13102;0.303;0.245
VL FORMOSA;2021;2;12706;0.304;0.28
VL FORMOSA;2021;3;12645;0.345;0.36
VL FORMOSA;2021;4;13717;0.376;0.363
VL GUILHERM;2018;1;27010;0.304;0.42
VL GUILHERM;2018;2;27215;0.327;0.484
VL GUILHERM;2018;3;25914;0.349;0.474
VL GUILHERM;2018;4;27361;0.334;0.428
VL GUILHERM;2019;1;29311;0.303;0.448
VL GUILHERM;2019;2;26502;0.316;0.504
VL GUILHERM;2019;3;27877;0.369;0.475
VL GUILHERM;2019;4;29400;0.354;0.483
VL GUILHERM;2020;1;28843;0.28;0.439
VL GUILHERM;2020;2;25488;0.322;0.514
VL GUILHERM;2020;3;26886;0.356;0.479
VL GUILHERM;2020;4;28376;0.349;0.475
VL GUILHERM;2021;1;29334;0.315;0.429
VL GUILHERM;2021;2;30878;0.344;0.487
VL GUILHERM;2021;3;26765;0.351;0.438
VL GUILHERM;2021;4;33286;0.379;0.517
VL JACUI;2018;1;6238;0.26;0.24
VL JACUI;2018;2;6177;0.269;0.345
VL JACUI;2018;3;5727;0.289;0.371
VL JACUI;2018;4;5834;0.272;0.293
VL JACUI;2019;1;7082;0.262;0.316
VL JACUI;2019;2;5817;0.307;0.371
VL JACUI;2019;3;5954;0.293;0.366
VL JACUI;2019;4;7175;0.308;0.377
VL JACUI;2020;1;6196;0.228;0.301
VL JACUI;2020;2;5067;0.289;0.336
VL JACUI;2020;3;5266;0.275;0.325
VL JACUI;2020;4;6292;0.281;0.339
VL JACUI;2021;1;6213;0.236;0.254
VL JACUI;2021;2;5823;0.252;0.284
VL JACUI;2021;3;5420;0.25;0.327
VL JACUI;2021;4;5711;0.275;0.309
VL LEOPOLDI;2018;1;33726;0.391;0.319
VL LEOPOLDI;2018;2;35573;0.407;0.399
VL LEOPOLDI;2018;3;33612;0.43;0.388
VL LEOPOLDI;2018;4;36345;0.415;0.334
VL LEOPOLDI;2019;1;43857;0.284;0.374
VL LEOPOLDI;2019;2;32814;0.372;0.416
VL LEOPOLDI;2019;3;34881;0.34;0.366
VL LEOPOLDI;2019;4;44372;0.366;0.329
VL LEOPOLDI;2020;1;40963;0.277;0.38
VL LEOPOLDI;2020;2;29431;0.34;0.423
VL LEOPOLDI;2020;3;32085;0.317;0.381
VL LEOPOLDI;2020;4;41642;0.341;0.346
VL LEOPOLDI;2021;1;44705;0.302;0.353
VL LEOPOLDI;2021;2;44170;0.326;0.411
VL LEOPOLDI;2021;3;37221;0.358;0.395
VL LEOPOLDI;2021;4;41275;0.36;0.418
VL MARIA;2018;1;52410;0.335;0.28
VL MARIA;2018;2;56609;0.348;0.377
VL MARIA;2018;3;50677;0.345;0.34
VL MARIA;2018;4;58698;0.341;0.281
VL MARIA;2019;1;51149;0.275;0.28
VL MARIA;2019;2;43682;0.333;0.319
VL MARIA;2019;3;48256;0.331;0.293
VL MARIA;2019;4;52112;0.34;0.35
VL MARIA;2020;1;50706;0.276;0.283
VL MARIA;2020;2;44413;0.332;0.317
VL MARIA;2020;3;48145;0.333;0.289
VL MARIA;2020;4;51509;0.342;0.346
VL MARIA;2021;1;53972;0.264;0.261
VL MARIA;2021;2;53753;0.287;0.306
VL MARIA;2021;3;46884;0.323;0.389
VL MARIA;2021;4;53457;0.358;0.326
VL MARIANA;2018;1;71337;0.395;0.313
VL MARIANA;2018;2;78950;0.424;0.356
VL MARIANA;2018;3;61346;0.423;0.366
VL MARIANA;2018;4;75607;0.414;0.325
VL MARIANA;2019;1;79473;0.347;0.28
VL MARIANA;2019;2;77846;0.4;0.276
VL MARIANA;2019;3;78882;0.403;0.312
VL MARIANA;2019;4;81913;0.39;0.369
VL MARIANA;2020;1;74184;0.282;0.294
VL MARIANA;2020;2;73551;0.338;0.283
VL MARIANA;2020;3;73735;0.347;0.325
VL MARIANA;2020;4;76408;0.336;0.384
VL MARIANA;2021;1;72275;0.304;0.306
VL MARIANA;2021;2;76397;0.329;0.338
VL MARIANA;2021;3;53701;0.363;0.524
VL MARIANA;2021;4;70183;0.363;0.383
VL MATILDE;2018;1;20245;0.341;0.263
VL MATILDE;2018;2;20191;0.346;0.339
VL MATILDE;2018;3;19325;0.35;0.341
VL MATILDE;2018;4;21614;0.347;0.301
VL MATILDE;2019;1;20835;0.271;0.294
VL MATILDE;2019;2;16481;0.327;0.35
VL MATILDE;2019;3;19902;0.349;0.336
VL MATILDE;2019;4;21516;0.341;0.397
VL MATILDE;2020;1;21499;0.257;0.273
VL MATILDE;2020;2;17377;0.313;0.315
VL MATILDE;2020;3;20671;0.337;0.31
VL MATILDE;2020;4;22148;0.325;0.376
VL MATILDE;2021;1;23805;0.27;0.267
VL MATILDE;2021;2;24790;0.295;0.289
VL MATILDE;2021;3;22567;0.323;0.4
VL MATILDE;2021;4;24226;0.35;0.357
VL MEDEIROS;2018;1;8930;0.267;0.262
VL MEDEIROS;2018;2;9264;0.274;0.329
VL MEDEIROS;2018;3;8584;0.284;0.329
VL MEDEIROS;2018;4;9821;0.272;0.281
VL MEDEIROS;2019;1;8823;0.231;0.301
VL MEDEIROS;2019;2;6675;0.295;0.388
VL MEDEIROS;2019;3;8372;0.288;0.311
VL MEDEIROS;2019;4;8862;0.278;0.379
VL MEDEIROS;2020;1;7741;0.238;0.314
VL MEDEIROS;2020;2;6210;0.293;0.381
VL MEDEIROS;2020;3;7405;0.306;0.32
VL MEDEIROS;2020;4;7842;0.27;0.375
VL MEDEIROS;2021;1;9029;0.213;0.26
VL MEDEIROS;2021;2;8235;0.232;0.314
VL MEDEIROS;2021;3;8643;0.252;0.347
VL MEDEIROS;2021;4;8716;0.317;0.363
VL PRUDENTE;2018;1;18963;0.327;0.2
VL PRUDENTE;2018;2;19133;0.335;0.237
VL PRUDENTE;2018;3;17681;0.352;0.253
VL PRUDENTE;2018;4;19881;0.333;0.221
VL PRUDENTE;2019;1;19927;0.296;0.239
VL PRUDENTE;2019;2;15544;0.354;0.307
VL PRUDENTE;2019;3;18642;0.347;0.258
VL PRUDENTE;2019;4;19152;0.366;0.292
VL PRUDENTE;2020;1;18488;0.281;0.264
VL PRUDENTE;2020;2;15069;0.348;0.326
VL PRUDENTE;2020;3;17223;0.337;0.287
VL PRUDENTE;2020;4;18287;0.349;0.339
VL PRUDENTE;2021;1;19674;0.299;0.251
VL PRUDENTE;2021;2;17822;0.349;0.306
VL PRUDENTE;2021;3;17575;0.37;0.363
VL PRUDENTE;2021;4;19224;0.383;0.346
VL SONIA;2018;1;16107;0.344;0.272
VL SONIA;2018;2;16921;0.338;0.337
VL SONIA;2018;3;15645;0.332;0.338
VL SONIA;2018;4;17896;0.344;0.282
VL SONIA;2019;1;15272;0.26;0.309
VL SONIA;2019;2;14222;0.292;0.326
VL SONIA;2019;3;14609;0.287;0.313
VL SONIA;2019;4;15747;0.308;0.366
VL SONIA;2020;1;14717;0.261;0.293
VL SONIA;2020;2;13392;0.294;0.315
VL SONIA;2020;3;15054;0.3;0.279
VL SONIA;2020;4;15906;0.305;0.336
VL SONIA;2021;1;16433;0.258;0.241
VL SONIA;2021;2;16230;0.285;0.284
VL SONIA;2021;3;15822;0.321;0.331
VL SONIA;2021;4;15983;0.314;0.335
